[Mon May 25 17:02:12.629600 2026] [ssl:warn] [pid 29320:tid 448] AH01909: www.example.com:443:0 server certificate does NOT include an ID which matches the server name
[Mon May 25 17:02:12.689662 2026] [ssl:warn] [pid 29320:tid 448] AH01909: www.example.com:443:0 server certificate does NOT include an ID which matches the server name
[Mon May 25 17:02:13.317800 2026] [mpm_winnt:notice] [pid 29320:tid 448] AH00455: Apache/2.4.58 (Win64) OpenSSL/3.1.3 PHP/8.2.12 configured -- resuming normal operations
[Mon May 25 17:02:13.317800 2026] [mpm_winnt:notice] [pid 29320:tid 448] AH00456: Apache Lounge VS17 Server built: Oct 18 2023 13:03:18
[Mon May 25 17:02:13.317800 2026] [core:notice] [pid 29320:tid 448] AH00094: Command line: 'c:\\xampp\\htdocs\\kasibite\\apache\\bin\\httpd.exe -d C:/xampp/htdocs/Kasibite/apache'
[Mon May 25 17:02:13.332799 2026] [mpm_winnt:notice] [pid 29320:tid 448] AH00418: Parent: Created child process 16176
[Mon May 25 17:02:13.864731 2026] [ssl:warn] [pid 16176:tid 392] AH01909: www.example.com:443:0 server certificate does NOT include an ID which matches the server name
[Mon May 25 17:02:13.910419 2026] [ssl:warn] [pid 16176:tid 392] AH01909: www.example.com:443:0 server certificate does NOT include an ID which matches the server name
[Mon May 25 17:02:13.952450 2026] [mpm_winnt:notice] [pid 16176:tid 392] AH00354: Child: Starting 150 worker threads.
[Mon May 25 19:24:42.153961 2026] [ssl:warn] [pid 18660:tid 396] AH01909: www.example.com:443:0 server certificate does NOT include an ID which matches the server name
[Mon May 25 19:24:42.198751 2026] [core:warn] [pid 18660:tid 396] AH00098: pid file C:/xampp/htdocs/Kasibite/apache/logs/httpd.pid overwritten -- Unclean shutdown of previous Apache run?
[Mon May 25 19:24:42.201889 2026] [ssl:warn] [pid 18660:tid 396] AH01909: www.example.com:443:0 server certificate does NOT include an ID which matches the server name
[Mon May 25 19:24:42.296594 2026] [mpm_winnt:notice] [pid 18660:tid 396] AH00455: Apache/2.4.58 (Win64) OpenSSL/3.1.3 PHP/8.2.12 configured -- resuming normal operations
[Mon May 25 19:24:42.296594 2026] [mpm_winnt:notice] [pid 18660:tid 396] AH00456: Apache Lounge VS17 Server built: Oct 18 2023 13:03:18
[Mon May 25 19:24:42.296594 2026] [core:notice] [pid 18660:tid 396] AH00094: Command line: 'c:\\xampp\\htdocs\\kasibite\\apache\\bin\\httpd.exe -d C:/xampp/htdocs/Kasibite/apache'
[Mon May 25 19:24:42.303086 2026] [mpm_winnt:notice] [pid 18660:tid 396] AH00418: Parent: Created child process 5780
[Mon May 25 19:24:42.682319 2026] [ssl:warn] [pid 5780:tid 372] AH01909: www.example.com:443:0 server certificate does NOT include an ID which matches the server name
[Mon May 25 19:24:42.727558 2026] [ssl:warn] [pid 5780:tid 372] AH01909: www.example.com:443:0 server certificate does NOT include an ID which matches the server name
[Mon May 25 19:24:42.774308 2026] [mpm_winnt:notice] [pid 5780:tid 372] AH00354: Child: Starting 150 worker threads.
[Tue May 26 12:27:59.487237 2026] [php:error] [pid 5780:tid 1880] [client ::1:55511] script 'C:/xampp/htdocs/Kasibite/htdocs/test.php' not found or unable to stat
[Tue May 26 12:28:01.992052 2026] [php:error] [pid 5780:tid 1880] [client ::1:55511] script 'C:/xampp/htdocs/Kasibite/htdocs/test.php' not found or unable to stat
[Tue May 26 12:28:02.941006 2026] [php:error] [pid 5780:tid 1880] [client ::1:55511] script 'C:/xampp/htdocs/Kasibite/htdocs/test.php' not found or unable to stat
[Tue May 26 12:28:03.134437 2026] [php:error] [pid 5780:tid 1880] [client ::1:55511] script 'C:/xampp/htdocs/Kasibite/htdocs/test.php' not found or unable to stat
[Tue May 26 12:28:03.351998 2026] [php:error] [pid 5780:tid 1880] [client ::1:55511] script 'C:/xampp/htdocs/Kasibite/htdocs/test.php' not found or unable to stat
[Tue May 26 12:28:03.829382 2026] [php:error] [pid 5780:tid 1880] [client ::1:55511] script 'C:/xampp/htdocs/Kasibite/htdocs/test.php' not found or unable to stat
[Tue May 26 12:28:04.005144 2026] [php:error] [pid 5780:tid 1880] [client ::1:55511] script 'C:/xampp/htdocs/Kasibite/htdocs/test.php' not found or unable to stat
[Tue May 26 12:28:04.241541 2026] [php:error] [pid 5780:tid 1880] [client ::1:55511] script 'C:/xampp/htdocs/Kasibite/htdocs/test.php' not found or unable to stat
[Tue May 26 12:28:04.519497 2026] [php:error] [pid 5780:tid 1880] [client ::1:55511] script 'C:/xampp/htdocs/Kasibite/htdocs/test.php' not found or unable to stat
[Tue May 26 12:28:04.695889 2026] [php:error] [pid 5780:tid 1880] [client ::1:55511] script 'C:/xampp/htdocs/Kasibite/htdocs/test.php' not found or unable to stat
[Tue May 26 12:28:04.881309 2026] [php:error] [pid 5780:tid 1880] [client ::1:55511] script 'C:/xampp/htdocs/Kasibite/htdocs/test.php' not found or unable to stat
[Tue May 26 12:28:05.068523 2026] [php:error] [pid 5780:tid 1880] [client ::1:55511] script 'C:/xampp/htdocs/Kasibite/htdocs/test.php' not found or unable to stat
[Tue May 26 12:28:05.263569 2026] [php:error] [pid 5780:tid 1880] [client ::1:55511] script 'C:/xampp/htdocs/Kasibite/htdocs/test.php' not found or unable to stat
[Tue May 26 12:28:05.453804 2026] [php:error] [pid 5780:tid 1880] [client ::1:55511] script 'C:/xampp/htdocs/Kasibite/htdocs/test.php' not found or unable to stat
[Tue May 26 12:28:05.671123 2026] [php:error] [pid 5780:tid 1880] [client ::1:55511] script 'C:/xampp/htdocs/Kasibite/htdocs/test.php' not found or unable to stat
[Tue May 26 12:28:47.125938 2026] [php:error] [pid 5780:tid 1924] [client ::1:64123] script 'C:/xampp/htdocs/Kasibite/htdocs/test.php' not found or unable to stat
[Tue May 26 12:28:49.415612 2026] [php:error] [pid 5780:tid 1924] [client ::1:64123] script 'C:/xampp/htdocs/Kasibite/htdocs/test.php' not found or unable to stat
[Tue May 26 12:28:51.608698 2026] [php:error] [pid 5780:tid 1924] [client ::1:64123] script 'C:/xampp/htdocs/Kasibite/htdocs/test.php' not found or unable to stat
[Tue May 26 13:47:23.417958 2026] [ssl:warn] [pid 27568:tid 376] AH01909: www.example.com:443:0 server certificate does NOT include an ID which matches the server name
[Tue May 26 13:47:23.476347 2026] [core:warn] [pid 27568:tid 376] AH00098: pid file C:/xampp/htdocs/Kasibite/apache/logs/httpd.pid overwritten -- Unclean shutdown of previous Apache run?
[Tue May 26 13:47:23.480030 2026] [ssl:warn] [pid 27568:tid 376] AH01909: www.example.com:443:0 server certificate does NOT include an ID which matches the server name
[Tue May 26 13:47:24.301741 2026] [mpm_winnt:notice] [pid 27568:tid 376] AH00455: Apache/2.4.58 (Win64) OpenSSL/3.1.3 PHP/8.2.12 configured -- resuming normal operations
[Tue May 26 13:47:24.301741 2026] [mpm_winnt:notice] [pid 27568:tid 376] AH00456: Apache Lounge VS17 Server built: Oct 18 2023 13:03:18
[Tue May 26 13:47:24.301741 2026] [core:notice] [pid 27568:tid 376] AH00094: Command line: 'c:\\xampp\\htdocs\\kasibite\\apache\\bin\\httpd.exe -d C:/xampp/htdocs/Kasibite/apache'
[Tue May 26 13:47:24.314742 2026] [mpm_winnt:notice] [pid 27568:tid 376] AH00418: Parent: Created child process 7268
[Tue May 26 13:47:24.839429 2026] [ssl:warn] [pid 7268:tid 348] AH01909: www.example.com:443:0 server certificate does NOT include an ID which matches the server name
[Tue May 26 13:47:24.882716 2026] [ssl:warn] [pid 7268:tid 348] AH01909: www.example.com:443:0 server certificate does NOT include an ID which matches the server name
[Tue May 26 13:47:24.927164 2026] [mpm_winnt:notice] [pid 7268:tid 348] AH00354: Child: Starting 150 worker threads.
[Tue May 26 13:54:30.078541 2026] [ssl:warn] [pid 17268:tid 352] AH01909: www.example.com:443:0 server certificate does NOT include an ID which matches the server name
[Tue May 26 13:54:30.123554 2026] [core:warn] [pid 17268:tid 352] AH00098: pid file C:/xampp/htdocs/Kasibite/apache/logs/httpd.pid overwritten -- Unclean shutdown of previous Apache run?
[Tue May 26 13:54:30.126574 2026] [ssl:warn] [pid 17268:tid 352] AH01909: www.example.com:443:0 server certificate does NOT include an ID which matches the server name
[Tue May 26 13:54:30.175057 2026] [mpm_winnt:notice] [pid 17268:tid 352] AH00455: Apache/2.4.58 (Win64) OpenSSL/3.1.3 PHP/8.2.12 configured -- resuming normal operations
[Tue May 26 13:54:30.176052 2026] [mpm_winnt:notice] [pid 17268:tid 352] AH00456: Apache Lounge VS17 Server built: Oct 18 2023 13:03:18
[Tue May 26 13:54:30.176052 2026] [core:notice] [pid 17268:tid 352] AH00094: Command line: 'c:\\xampp\\htdocs\\kasibite\\apache\\bin\\httpd.exe -d C:/xampp/htdocs/Kasibite/apache'
[Tue May 26 13:54:30.180062 2026] [mpm_winnt:notice] [pid 17268:tid 352] AH00418: Parent: Created child process 14688
[Tue May 26 13:54:30.548321 2026] [ssl:warn] [pid 14688:tid 364] AH01909: www.example.com:443:0 server certificate does NOT include an ID which matches the server name
[Tue May 26 13:54:30.592320 2026] [ssl:warn] [pid 14688:tid 364] AH01909: www.example.com:443:0 server certificate does NOT include an ID which matches the server name
[Tue May 26 13:54:30.636083 2026] [mpm_winnt:notice] [pid 14688:tid 364] AH00354: Child: Starting 150 worker threads.
[Tue May 26 13:55:16.406808 2026] [ssl:warn] [pid 8760:tid 368] AH01909: www.example.com:443:0 server certificate does NOT include an ID which matches the server name
[Tue May 26 13:55:16.452433 2026] [core:warn] [pid 8760:tid 368] AH00098: pid file C:/xampp/htdocs/Kasibite/apache/logs/httpd.pid overwritten -- Unclean shutdown of previous Apache run?
[Tue May 26 13:55:16.456447 2026] [ssl:warn] [pid 8760:tid 368] AH01909: www.example.com:443:0 server certificate does NOT include an ID which matches the server name
[Tue May 26 13:55:16.500280 2026] [mpm_winnt:notice] [pid 8760:tid 368] AH00455: Apache/2.4.58 (Win64) OpenSSL/3.1.3 PHP/8.2.12 configured -- resuming normal operations
[Tue May 26 13:55:16.500280 2026] [mpm_winnt:notice] [pid 8760:tid 368] AH00456: Apache Lounge VS17 Server built: Oct 18 2023 13:03:18
[Tue May 26 13:55:16.500280 2026] [core:notice] [pid 8760:tid 368] AH00094: Command line: 'c:\\xampp\\htdocs\\kasibite\\apache\\bin\\httpd.exe -d C:/xampp/htdocs/Kasibite/apache'
[Tue May 26 13:55:16.507320 2026] [mpm_winnt:notice] [pid 8760:tid 368] AH00418: Parent: Created child process 21524
[Tue May 26 13:55:16.893841 2026] [ssl:warn] [pid 21524:tid 400] AH01909: www.example.com:443:0 server certificate does NOT include an ID which matches the server name
[Tue May 26 13:55:16.944416 2026] [ssl:warn] [pid 21524:tid 400] AH01909: www.example.com:443:0 server certificate does NOT include an ID which matches the server name
[Tue May 26 13:55:16.990620 2026] [mpm_winnt:notice] [pid 21524:tid 400] AH00354: Child: Starting 150 worker threads.
[Wed May 27 14:21:33.760223 2026] [php:warn] [pid 21524:tid 1924] [client ::1:55189] PHP Warning:  Undefined variable $pdo in C:\\xampp\\htdocs\\Kasibite\\Run-through.php on line 6
[Wed May 27 14:21:33.762698 2026] [php:error] [pid 21524:tid 1924] [client ::1:55189] PHP Fatal error:  Uncaught Error: Call to a member function query() on null in C:\\xampp\\htdocs\\Kasibite\\Run-through.php:6\nStack trace:\n#0 {main}\n  thrown in C:\\xampp\\htdocs\\Kasibite\\Run-through.php on line 6
[Wed May 27 14:27:37.054534 2026] [php:warn] [pid 21524:tid 1900] [client ::1:59471] PHP Warning:  Undefined variable $pdo in C:\\xampp\\htdocs\\Kasibite\\Run-through.php on line 6
[Wed May 27 14:27:37.055534 2026] [php:error] [pid 21524:tid 1900] [client ::1:59471] PHP Fatal error:  Uncaught Error: Call to a member function query() on null in C:\\xampp\\htdocs\\Kasibite\\Run-through.php:6\nStack trace:\n#0 {main}\n  thrown in C:\\xampp\\htdocs\\Kasibite\\Run-through.php on line 6
[Wed May 27 14:27:39.399544 2026] [php:warn] [pid 21524:tid 1900] [client ::1:59471] PHP Warning:  Undefined variable $pdo in C:\\xampp\\htdocs\\Kasibite\\Run-through.php on line 6
[Wed May 27 14:27:39.399544 2026] [php:error] [pid 21524:tid 1900] [client ::1:59471] PHP Fatal error:  Uncaught Error: Call to a member function query() on null in C:\\xampp\\htdocs\\Kasibite\\Run-through.php:6\nStack trace:\n#0 {main}\n  thrown in C:\\xampp\\htdocs\\Kasibite\\Run-through.php on line 6
[Wed May 27 14:27:40.054529 2026] [php:warn] [pid 21524:tid 1900] [client ::1:59471] PHP Warning:  Undefined variable $pdo in C:\\xampp\\htdocs\\Kasibite\\Run-through.php on line 6
[Wed May 27 14:27:40.055526 2026] [php:error] [pid 21524:tid 1900] [client ::1:59471] PHP Fatal error:  Uncaught Error: Call to a member function query() on null in C:\\xampp\\htdocs\\Kasibite\\Run-through.php:6\nStack trace:\n#0 {main}\n  thrown in C:\\xampp\\htdocs\\Kasibite\\Run-through.php on line 6
[Wed May 27 14:27:40.266675 2026] [php:warn] [pid 21524:tid 1900] [client ::1:59471] PHP Warning:  Undefined variable $pdo in C:\\xampp\\htdocs\\Kasibite\\Run-through.php on line 6
[Wed May 27 14:27:40.266675 2026] [php:error] [pid 21524:tid 1900] [client ::1:59471] PHP Fatal error:  Uncaught Error: Call to a member function query() on null in C:\\xampp\\htdocs\\Kasibite\\Run-through.php:6\nStack trace:\n#0 {main}\n  thrown in C:\\xampp\\htdocs\\Kasibite\\Run-through.php on line 6
[Wed May 27 14:27:40.509762 2026] [php:warn] [pid 21524:tid 1900] [client ::1:59471] PHP Warning:  Undefined variable $pdo in C:\\xampp\\htdocs\\Kasibite\\Run-through.php on line 6
[Wed May 27 14:27:40.509762 2026] [php:error] [pid 21524:tid 1900] [client ::1:59471] PHP Fatal error:  Uncaught Error: Call to a member function query() on null in C:\\xampp\\htdocs\\Kasibite\\Run-through.php:6\nStack trace:\n#0 {main}\n  thrown in C:\\xampp\\htdocs\\Kasibite\\Run-through.php on line 6
[Wed May 27 14:27:40.748754 2026] [php:warn] [pid 21524:tid 1900] [client ::1:59471] PHP Warning:  Undefined variable $pdo in C:\\xampp\\htdocs\\Kasibite\\Run-through.php on line 6
[Wed May 27 14:27:40.748754 2026] [php:error] [pid 21524:tid 1900] [client ::1:59471] PHP Fatal error:  Uncaught Error: Call to a member function query() on null in C:\\xampp\\htdocs\\Kasibite\\Run-through.php:6\nStack trace:\n#0 {main}\n  thrown in C:\\xampp\\htdocs\\Kasibite\\Run-through.php on line 6
[Wed May 27 14:27:41.752666 2026] [php:warn] [pid 21524:tid 1900] [client ::1:59471] PHP Warning:  Undefined variable $pdo in C:\\xampp\\htdocs\\Kasibite\\Run-through.php on line 6
[Wed May 27 14:27:41.752666 2026] [php:error] [pid 21524:tid 1900] [client ::1:59471] PHP Fatal error:  Uncaught Error: Call to a member function query() on null in C:\\xampp\\htdocs\\Kasibite\\Run-through.php:6\nStack trace:\n#0 {main}\n  thrown in C:\\xampp\\htdocs\\Kasibite\\Run-through.php on line 6
[Wed May 27 14:27:51.449530 2026] [php:warn] [pid 21524:tid 1924] [client ::1:64433] PHP Warning:  Undefined variable $pdo in C:\\xampp\\htdocs\\Kasibite\\Run-through.php on line 6
[Wed May 27 14:27:51.449530 2026] [php:error] [pid 21524:tid 1924] [client ::1:64433] PHP Fatal error:  Uncaught Error: Call to a member function query() on null in C:\\xampp\\htdocs\\Kasibite\\Run-through.php:6\nStack trace:\n#0 {main}\n  thrown in C:\\xampp\\htdocs\\Kasibite\\Run-through.php on line 6
[Wed May 27 14:27:51.878128 2026] [php:warn] [pid 21524:tid 1924] [client ::1:64433] PHP Warning:  Undefined variable $pdo in C:\\xampp\\htdocs\\Kasibite\\Run-through.php on line 6
[Wed May 27 14:27:51.878128 2026] [php:error] [pid 21524:tid 1924] [client ::1:64433] PHP Fatal error:  Uncaught Error: Call to a member function query() on null in C:\\xampp\\htdocs\\Kasibite\\Run-through.php:6\nStack trace:\n#0 {main}\n  thrown in C:\\xampp\\htdocs\\Kasibite\\Run-through.php on line 6
[Wed May 27 14:27:52.133096 2026] [php:warn] [pid 21524:tid 1924] [client ::1:64433] PHP Warning:  Undefined variable $pdo in C:\\xampp\\htdocs\\Kasibite\\Run-through.php on line 6
[Wed May 27 14:27:52.134099 2026] [php:error] [pid 21524:tid 1924] [client ::1:64433] PHP Fatal error:  Uncaught Error: Call to a member function query() on null in C:\\xampp\\htdocs\\Kasibite\\Run-through.php:6\nStack trace:\n#0 {main}\n  thrown in C:\\xampp\\htdocs\\Kasibite\\Run-through.php on line 6
[Wed May 27 14:27:53.014040 2026] [php:warn] [pid 21524:tid 1924] [client ::1:64433] PHP Warning:  Undefined variable $pdo in C:\\xampp\\htdocs\\Kasibite\\Run-through.php on line 6
[Wed May 27 14:27:53.014040 2026] [php:error] [pid 21524:tid 1924] [client ::1:64433] PHP Fatal error:  Uncaught Error: Call to a member function query() on null in C:\\xampp\\htdocs\\Kasibite\\Run-through.php:6\nStack trace:\n#0 {main}\n  thrown in C:\\xampp\\htdocs\\Kasibite\\Run-through.php on line 6
[Wed May 27 14:27:53.722303 2026] [php:warn] [pid 21524:tid 1924] [client ::1:64433] PHP Warning:  Undefined variable $pdo in C:\\xampp\\htdocs\\Kasibite\\Run-through.php on line 6
[Wed May 27 14:27:53.722303 2026] [php:error] [pid 21524:tid 1924] [client ::1:64433] PHP Fatal error:  Uncaught Error: Call to a member function query() on null in C:\\xampp\\htdocs\\Kasibite\\Run-through.php:6\nStack trace:\n#0 {main}\n  thrown in C:\\xampp\\htdocs\\Kasibite\\Run-through.php on line 6
[Wed May 27 14:27:53.992646 2026] [php:warn] [pid 21524:tid 1924] [client ::1:64433] PHP Warning:  Undefined variable $pdo in C:\\xampp\\htdocs\\Kasibite\\Run-through.php on line 6
[Wed May 27 14:27:53.992646 2026] [php:error] [pid 21524:tid 1924] [client ::1:64433] PHP Fatal error:  Uncaught Error: Call to a member function query() on null in C:\\xampp\\htdocs\\Kasibite\\Run-through.php:6\nStack trace:\n#0 {main}\n  thrown in C:\\xampp\\htdocs\\Kasibite\\Run-through.php on line 6
[Wed May 27 14:27:54.475745 2026] [php:warn] [pid 21524:tid 1924] [client ::1:64433] PHP Warning:  Undefined variable $pdo in C:\\xampp\\htdocs\\Kasibite\\Run-through.php on line 6
[Wed May 27 14:27:54.475745 2026] [php:error] [pid 21524:tid 1924] [client ::1:64433] PHP Fatal error:  Uncaught Error: Call to a member function query() on null in C:\\xampp\\htdocs\\Kasibite\\Run-through.php:6\nStack trace:\n#0 {main}\n  thrown in C:\\xampp\\htdocs\\Kasibite\\Run-through.php on line 6
[Wed May 27 14:27:54.743473 2026] [php:warn] [pid 21524:tid 1924] [client ::1:64433] PHP Warning:  Undefined variable $pdo in C:\\xampp\\htdocs\\Kasibite\\Run-through.php on line 6
[Wed May 27 14:27:54.743473 2026] [php:error] [pid 21524:tid 1924] [client ::1:64433] PHP Fatal error:  Uncaught Error: Call to a member function query() on null in C:\\xampp\\htdocs\\Kasibite\\Run-through.php:6\nStack trace:\n#0 {main}\n  thrown in C:\\xampp\\htdocs\\Kasibite\\Run-through.php on line 6
[Wed May 27 14:27:55.198070 2026] [php:warn] [pid 21524:tid 1924] [client ::1:64433] PHP Warning:  Undefined variable $pdo in C:\\xampp\\htdocs\\Kasibite\\Run-through.php on line 6
[Wed May 27 14:27:55.199069 2026] [php:error] [pid 21524:tid 1924] [client ::1:64433] PHP Fatal error:  Uncaught Error: Call to a member function query() on null in C:\\xampp\\htdocs\\Kasibite\\Run-through.php:6\nStack trace:\n#0 {main}\n  thrown in C:\\xampp\\htdocs\\Kasibite\\Run-through.php on line 6
[Wed May 27 14:27:55.430743 2026] [php:warn] [pid 21524:tid 1924] [client ::1:64433] PHP Warning:  Undefined variable $pdo in C:\\xampp\\htdocs\\Kasibite\\Run-through.php on line 6
[Wed May 27 14:27:55.430743 2026] [php:error] [pid 21524:tid 1924] [client ::1:64433] PHP Fatal error:  Uncaught Error: Call to a member function query() on null in C:\\xampp\\htdocs\\Kasibite\\Run-through.php:6\nStack trace:\n#0 {main}\n  thrown in C:\\xampp\\htdocs\\Kasibite\\Run-through.php on line 6
[Wed May 27 14:27:55.870948 2026] [php:warn] [pid 21524:tid 1924] [client ::1:64433] PHP Warning:  Undefined variable $pdo in C:\\xampp\\htdocs\\Kasibite\\Run-through.php on line 6
[Wed May 27 14:27:55.870948 2026] [php:error] [pid 21524:tid 1924] [client ::1:64433] PHP Fatal error:  Uncaught Error: Call to a member function query() on null in C:\\xampp\\htdocs\\Kasibite\\Run-through.php:6\nStack trace:\n#0 {main}\n  thrown in C:\\xampp\\htdocs\\Kasibite\\Run-through.php on line 6
[Wed May 27 14:27:56.127490 2026] [php:warn] [pid 21524:tid 1924] [client ::1:64433] PHP Warning:  Undefined variable $pdo in C:\\xampp\\htdocs\\Kasibite\\Run-through.php on line 6
[Wed May 27 14:27:56.127490 2026] [php:error] [pid 21524:tid 1924] [client ::1:64433] PHP Fatal error:  Uncaught Error: Call to a member function query() on null in C:\\xampp\\htdocs\\Kasibite\\Run-through.php:6\nStack trace:\n#0 {main}\n  thrown in C:\\xampp\\htdocs\\Kasibite\\Run-through.php on line 6
[Tue Jun 02 23:32:38.068901 2026] [ssl:warn] [pid 21384:tid 352] AH01909: www.example.com:443:0 server certificate does NOT include an ID which matches the server name
[Tue Jun 02 23:32:38.098875 2026] [core:warn] [pid 21384:tid 352] AH00098: pid file C:/xampp/htdocs/Kasibite/apache/logs/httpd.pid overwritten -- Unclean shutdown of previous Apache run?
[Tue Jun 02 23:32:38.100393 2026] [ssl:warn] [pid 21384:tid 352] AH01909: www.example.com:443:0 server certificate does NOT include an ID which matches the server name
[Tue Jun 02 23:32:38.425452 2026] [mpm_winnt:notice] [pid 21384:tid 352] AH00455: Apache/2.4.58 (Win64) OpenSSL/3.1.3 PHP/8.2.12 configured -- resuming normal operations
[Tue Jun 02 23:32:38.425452 2026] [mpm_winnt:notice] [pid 21384:tid 352] AH00456: Apache Lounge VS17 Server built: Oct 18 2023 13:03:18
[Tue Jun 02 23:32:38.425452 2026] [core:notice] [pid 21384:tid 352] AH00094: Command line: 'c:\\xampp\\htdocs\\kasibite\\apache\\bin\\httpd.exe -d C:/xampp/htdocs/Kasibite/apache'
[Tue Jun 02 23:32:38.428367 2026] [mpm_winnt:notice] [pid 21384:tid 352] AH00418: Parent: Created child process 10904
[Tue Jun 02 23:32:38.664292 2026] [ssl:warn] [pid 10904:tid 392] AH01909: www.example.com:443:0 server certificate does NOT include an ID which matches the server name
[Tue Jun 02 23:32:38.692293 2026] [ssl:warn] [pid 10904:tid 392] AH01909: www.example.com:443:0 server certificate does NOT include an ID which matches the server name
[Tue Jun 02 23:32:38.721298 2026] [mpm_winnt:notice] [pid 10904:tid 392] AH00354: Child: Starting 150 worker threads.
[Thu Jun 04 11:30:27.419751 2026] [php:error] [pid 10904:tid 1900] [client ::1:50063] script 'C:/xampp/htdocs/Kasibite/login.php' not found or unable to stat, referer: http://localhost/kasibite/index.php
[Thu Jun 04 12:08:38.638923 2026] [php:error] [pid 10904:tid 1944] [client ::1:61898] script 'C:/xampp/htdocs/Kasibite/browse.php' not found or unable to stat, referer: http://localhost/kasibite/index.php
[Thu Jun 04 12:08:41.495921 2026] [php:error] [pid 10904:tid 1944] [client ::1:61898] script 'C:/xampp/htdocs/Kasibite/browse.php' not found or unable to stat, referer: http://localhost/kasibite/index.php
[Thu Jun 04 12:49:25.837360 2026] [php:error] [pid 10904:tid 1920] [client ::1:58457] script 'C:/xampp/htdocs/Kasibite/register.php' not found or unable to stat, referer: http://localhost/kasibite/index.php
[Thu Jun 04 12:49:30.099284 2026] [php:error] [pid 10904:tid 1920] [client ::1:58457] script 'C:/xampp/htdocs/Kasibite/browse.php' not found or unable to stat, referer: http://localhost/kasibite/index.php
[Thu Jun 04 12:50:14.935527 2026] [php:error] [pid 10904:tid 1944] [client ::1:50089] script 'C:/xampp/htdocs/Kasibite/browse.php' not found or unable to stat, referer: http://localhost/kasibite/index.php
[Thu Jun 04 13:25:56.570242 2026] [php:error] [pid 10904:tid 1920] [client ::1:54204] script 'C:/xampp/htdocs/Kasibite/register.php' not found or unable to stat, referer: http://localhost/kasibite/index.php
[Thu Jun 04 16:44:29.819080 2026] [php:warn] [pid 10904:tid 1920] [client ::1:57274] PHP Warning:  Undefined variable $pdo in C:\\xampp\\htdocs\\Kasibite\\browse.php on line 6, referer: http://localhost/kasibite/index.php
[Thu Jun 04 16:44:29.823097 2026] [php:error] [pid 10904:tid 1920] [client ::1:57274] PHP Fatal error:  Uncaught Error: Call to a member function query() on null in C:\\xampp\\htdocs\\Kasibite\\browse.php:6\nStack trace:\n#0 {main}\n  thrown in C:\\xampp\\htdocs\\Kasibite\\browse.php on line 6, referer: http://localhost/kasibite/index.php
[Thu Jun 04 16:44:35.951411 2026] [php:warn] [pid 10904:tid 1944] [client ::1:52466] PHP Warning:  Undefined variable $pdo in C:\\xampp\\htdocs\\Kasibite\\browse.php on line 6, referer: http://localhost/kasibite/index.php
[Thu Jun 04 16:44:35.953404 2026] [php:error] [pid 10904:tid 1944] [client ::1:52466] PHP Fatal error:  Uncaught Error: Call to a member function query() on null in C:\\xampp\\htdocs\\Kasibite\\browse.php:6\nStack trace:\n#0 {main}\n  thrown in C:\\xampp\\htdocs\\Kasibite\\browse.php on line 6, referer: http://localhost/kasibite/index.php
[Thu Jun 04 16:44:45.689115 2026] [php:error] [pid 10904:tid 1920] [client ::1:56706] script 'C:/xampp/htdocs/Kasibite/login.php' not found or unable to stat, referer: http://localhost/kasibite/index.php
[Thu Jun 04 16:44:50.356403 2026] [php:error] [pid 10904:tid 1920] [client ::1:56706] script 'C:/xampp/htdocs/Kasibite/register.php' not found or unable to stat, referer: http://localhost/kasibite/index.php
[Thu Jun 04 16:44:54.705329 2026] [php:warn] [pid 10904:tid 1920] [client ::1:56706] PHP Warning:  Undefined variable $pdo in C:\\xampp\\htdocs\\Kasibite\\browse.php on line 6, referer: http://localhost/kasibite/index.php
[Thu Jun 04 16:44:54.705329 2026] [php:error] [pid 10904:tid 1920] [client ::1:56706] PHP Fatal error:  Uncaught Error: Call to a member function query() on null in C:\\xampp\\htdocs\\Kasibite\\browse.php:6\nStack trace:\n#0 {main}\n  thrown in C:\\xampp\\htdocs\\Kasibite\\browse.php on line 6, referer: http://localhost/kasibite/index.php
[Thu Jun 04 16:45:16.758048 2026] [php:warn] [pid 10904:tid 1944] [client ::1:50790] PHP Warning:  Undefined variable $pdo in C:\\xampp\\htdocs\\Kasibite\\browse.php on line 6
[Thu Jun 04 16:45:16.759059 2026] [php:error] [pid 10904:tid 1944] [client ::1:50790] PHP Fatal error:  Uncaught Error: Call to a member function query() on null in C:\\xampp\\htdocs\\Kasibite\\browse.php:6\nStack trace:\n#0 {main}\n  thrown in C:\\xampp\\htdocs\\Kasibite\\browse.php on line 6
[Thu Jun 04 16:45:19.272045 2026] [php:warn] [pid 10904:tid 1944] [client ::1:50790] PHP Warning:  Undefined variable $pdo in C:\\xampp\\htdocs\\Kasibite\\browse.php on line 6
[Thu Jun 04 16:45:19.273031 2026] [php:error] [pid 10904:tid 1944] [client ::1:50790] PHP Fatal error:  Uncaught Error: Call to a member function query() on null in C:\\xampp\\htdocs\\Kasibite\\browse.php:6\nStack trace:\n#0 {main}\n  thrown in C:\\xampp\\htdocs\\Kasibite\\browse.php on line 6
[Thu Jun 04 17:18:41.544363 2026] [php:error] [pid 10904:tid 1944] [client ::1:53849] PHP Fatal error:  Uncaught PDOException: SQLSTATE[42S22]: Column not found: 1054 Unknown column 'c.name' in 'field list' in C:\\xampp\\htdocs\\Kasibite\\browse.php:6\nStack trace:\n#0 C:\\xampp\\htdocs\\Kasibite\\browse.php(6): PDO->query('\\r\\nSELECT p.*, c...')\n#1 {main}\n  thrown in C:\\xampp\\htdocs\\Kasibite\\browse.php on line 6
[Thu Jun 04 17:18:48.640322 2026] [php:error] [pid 10904:tid 1900] [client ::1:52341] PHP Fatal error:  Uncaught PDOException: SQLSTATE[42S22]: Column not found: 1054 Unknown column 'c.name' in 'field list' in C:\\xampp\\htdocs\\Kasibite\\browse.php:6\nStack trace:\n#0 C:\\xampp\\htdocs\\Kasibite\\browse.php(6): PDO->query('\\r\\nSELECT p.*, c...')\n#1 {main}\n  thrown in C:\\xampp\\htdocs\\Kasibite\\browse.php on line 6
[Thu Jun 04 17:20:09.659656 2026] [php:error] [pid 10904:tid 1944] [client ::1:56807] PHP Fatal error:  Uncaught PDOException: SQLSTATE[42S22]: Column not found: 1054 Unknown column 'c.name' in 'field list' in C:\\xampp\\htdocs\\Kasibite\\browse.php:6\nStack trace:\n#0 C:\\xampp\\htdocs\\Kasibite\\browse.php(6): PDO->query('\\r\\nSELECT p.*, c...')\n#1 {main}\n  thrown in C:\\xampp\\htdocs\\Kasibite\\browse.php on line 6
[Thu Jun 04 17:30:40.542888 2026] [php:error] [pid 10904:tid 1944] [client ::1:57977] PHP Fatal error:  Uncaught PDOException: SQLSTATE[42S22]: Column not found: 1054 Unknown column 'c.name' in 'field list' in C:\\xampp\\htdocs\\Kasibite\\browse.php:6\nStack trace:\n#0 C:\\xampp\\htdocs\\Kasibite\\browse.php(6): PDO->query('\\r\\nSELECT p.*, c...')\n#1 {main}\n  thrown in C:\\xampp\\htdocs\\Kasibite\\browse.php on line 6
[Thu Jun 04 17:40:20.866730 2026] [php:notice] [pid 10904:tid 1944] [client ::1:51425] PHP Notice:  session_start(): Ignoring session_start() because a session is already active in C:\\xampp\\htdocs\\Kasibite\\config.php on line 2
[Thu Jun 04 17:41:02.218079 2026] [php:notice] [pid 10904:tid 1900] [client ::1:65208] PHP Notice:  session_start(): Ignoring session_start() because a session is already active in C:\\xampp\\htdocs\\Kasibite\\config.php on line 2
[Thu Jun 04 17:41:38.139412 2026] [php:notice] [pid 10904:tid 1944] [client ::1:52266] PHP Notice:  session_start(): Ignoring session_start() because a session is already active in C:\\xampp\\htdocs\\Kasibite\\config.php on line 2, referer: http://localhost/kasibite/index.php
[Thu Jun 04 17:43:18.190846 2026] [php:error] [pid 10904:tid 1920] [client ::1:55155] script 'C:/xampp/htdocs/Kasibite/cart_add.php' not found or unable to stat, referer: http://localhost/kasibite/browse.php
[Thu Jun 04 17:43:19.441899 2026] [php:error] [pid 10904:tid 1920] [client ::1:55155] script 'C:/xampp/htdocs/Kasibite/cart_add.php' not found or unable to stat, referer: http://localhost/kasibite/browse.php
[Thu Jun 04 17:43:20.195468 2026] [php:error] [pid 10904:tid 1920] [client ::1:55155] script 'C:/xampp/htdocs/Kasibite/cart_add.php' not found or unable to stat, referer: http://localhost/kasibite/browse.php
[Thu Jun 04 17:43:21.454413 2026] [php:error] [pid 10904:tid 1920] [client ::1:55155] script 'C:/xampp/htdocs/Kasibite/cart_add.php' not found or unable to stat, referer: http://localhost/kasibite/browse.php
[Thu Jun 04 17:43:25.304478 2026] [php:error] [pid 10904:tid 1920] [client ::1:55155] script 'C:/xampp/htdocs/Kasibite/login.php' not found or unable to stat, referer: http://localhost/kasibite/browse.php
[Thu Jun 04 17:49:31.076678 2026] [php:error] [pid 10904:tid 1944] [client ::1:61623] script 'C:/xampp/htdocs/Kasibite/cart_add.php' not found or unable to stat, referer: http://localhost/kasibite/browse.php
[Thu Jun 04 17:49:31.833736 2026] [php:error] [pid 10904:tid 1944] [client ::1:61623] script 'C:/xampp/htdocs/Kasibite/cart_add.php' not found or unable to stat, referer: http://localhost/kasibite/browse.php
[Thu Jun 04 17:49:32.056585 2026] [php:error] [pid 10904:tid 1944] [client ::1:61623] script 'C:/xampp/htdocs/Kasibite/cart_add.php' not found or unable to stat, referer: http://localhost/kasibite/browse.php
[Thu Jun 04 17:49:32.520979 2026] [php:error] [pid 10904:tid 1944] [client ::1:61623] script 'C:/xampp/htdocs/Kasibite/cart_add.php' not found or unable to stat, referer: http://localhost/kasibite/browse.php
[Thu Jun 04 17:49:32.728559 2026] [php:error] [pid 10904:tid 1944] [client ::1:61623] script 'C:/xampp/htdocs/Kasibite/cart_add.php' not found or unable to stat, referer: http://localhost/kasibite/browse.php
[Thu Jun 04 17:49:32.955231 2026] [php:error] [pid 10904:tid 1944] [client ::1:61623] script 'C:/xampp/htdocs/Kasibite/cart_add.php' not found or unable to stat, referer: http://localhost/kasibite/browse.php
[Thu Jun 04 17:49:33.430512 2026] [php:error] [pid 10904:tid 1944] [client ::1:61623] script 'C:/xampp/htdocs/Kasibite/cart_add.php' not found or unable to stat, referer: http://localhost/kasibite/browse.php
[Thu Jun 04 17:49:33.645876 2026] [php:error] [pid 10904:tid 1944] [client ::1:61623] script 'C:/xampp/htdocs/Kasibite/cart_add.php' not found or unable to stat, referer: http://localhost/kasibite/browse.php
[Thu Jun 04 17:49:34.494253 2026] [php:error] [pid 10904:tid 1944] [client ::1:61623] script 'C:/xampp/htdocs/Kasibite/cart_add.php' not found or unable to stat, referer: http://localhost/kasibite/browse.php
[Thu Jun 04 17:49:34.707714 2026] [php:error] [pid 10904:tid 1944] [client ::1:61623] script 'C:/xampp/htdocs/Kasibite/cart_add.php' not found or unable to stat, referer: http://localhost/kasibite/browse.php
[Thu Jun 04 17:49:34.957250 2026] [php:error] [pid 10904:tid 1944] [client ::1:61623] script 'C:/xampp/htdocs/Kasibite/cart_add.php' not found or unable to stat, referer: http://localhost/kasibite/browse.php
[Thu Jun 04 17:49:35.176404 2026] [php:error] [pid 10904:tid 1944] [client ::1:61623] script 'C:/xampp/htdocs/Kasibite/cart_add.php' not found or unable to stat, referer: http://localhost/kasibite/browse.php
[Thu Jun 04 17:49:35.624033 2026] [php:error] [pid 10904:tid 1944] [client ::1:61623] script 'C:/xampp/htdocs/Kasibite/cart_add.php' not found or unable to stat, referer: http://localhost/kasibite/browse.php
[Thu Jun 04 17:49:35.848420 2026] [php:error] [pid 10904:tid 1944] [client ::1:61623] script 'C:/xampp/htdocs/Kasibite/cart_add.php' not found or unable to stat, referer: http://localhost/kasibite/browse.php
[Thu Jun 04 17:49:36.228021 2026] [php:error] [pid 10904:tid 1944] [client ::1:61623] script 'C:/xampp/htdocs/Kasibite/cart_add.php' not found or unable to stat, referer: http://localhost/kasibite/browse.php
[Thu Jun 04 17:49:36.442225 2026] [php:error] [pid 10904:tid 1944] [client ::1:61623] script 'C:/xampp/htdocs/Kasibite/cart_add.php' not found or unable to stat, referer: http://localhost/kasibite/browse.php
[Thu Jun 04 17:49:36.812670 2026] [php:error] [pid 10904:tid 1944] [client ::1:61623] script 'C:/xampp/htdocs/Kasibite/cart_add.php' not found or unable to stat, referer: http://localhost/kasibite/browse.php
[Thu Jun 04 17:49:37.034186 2026] [php:error] [pid 10904:tid 1944] [client ::1:61623] script 'C:/xampp/htdocs/Kasibite/cart_add.php' not found or unable to stat, referer: http://localhost/kasibite/browse.php
[Thu Jun 04 17:49:37.447218 2026] [php:error] [pid 10904:tid 1944] [client ::1:61623] script 'C:/xampp/htdocs/Kasibite/cart_add.php' not found or unable to stat, referer: http://localhost/kasibite/browse.php
[Thu Jun 04 17:49:37.676582 2026] [php:error] [pid 10904:tid 1944] [client ::1:61623] script 'C:/xampp/htdocs/Kasibite/cart_add.php' not found or unable to stat, referer: http://localhost/kasibite/browse.php
[Thu Jun 04 17:49:37.988195 2026] [php:error] [pid 10904:tid 1944] [client ::1:61623] script 'C:/xampp/htdocs/Kasibite/cart_add.php' not found or unable to stat, referer: http://localhost/kasibite/browse.php
[Thu Jun 04 17:49:38.207217 2026] [php:error] [pid 10904:tid 1944] [client ::1:61623] script 'C:/xampp/htdocs/Kasibite/cart_add.php' not found or unable to stat, referer: http://localhost/kasibite/browse.php
[Thu Jun 04 17:49:38.553416 2026] [php:error] [pid 10904:tid 1944] [client ::1:61623] script 'C:/xampp/htdocs/Kasibite/cart_add.php' not found or unable to stat, referer: http://localhost/kasibite/browse.php
[Thu Jun 04 17:49:38.766181 2026] [php:error] [pid 10904:tid 1944] [client ::1:61623] script 'C:/xampp/htdocs/Kasibite/cart_add.php' not found or unable to stat, referer: http://localhost/kasibite/browse.php
[Thu Jun 04 17:49:39.087164 2026] [php:error] [pid 10904:tid 1944] [client ::1:61623] script 'C:/xampp/htdocs/Kasibite/cart_add.php' not found or unable to stat, referer: http://localhost/kasibite/browse.php
[Thu Jun 04 17:49:39.314419 2026] [php:error] [pid 10904:tid 1944] [client ::1:61623] script 'C:/xampp/htdocs/Kasibite/cart_add.php' not found or unable to stat, referer: http://localhost/kasibite/browse.php
[Thu Jun 04 17:49:56.649328 2026] [php:error] [pid 10904:tid 1920] [client ::1:53942] script 'C:/xampp/htdocs/Kasibite/cart_add.php' not found or unable to stat, referer: http://localhost/kasibite/browse.php
[Thu Jun 04 17:49:57.386821 2026] [php:error] [pid 10904:tid 1920] [client ::1:53942] script 'C:/xampp/htdocs/Kasibite/cart_add.php' not found or unable to stat, referer: http://localhost/kasibite/browse.php
[Thu Jun 04 17:49:57.600023 2026] [php:error] [pid 10904:tid 1920] [client ::1:53942] script 'C:/xampp/htdocs/Kasibite/cart_add.php' not found or unable to stat, referer: http://localhost/kasibite/browse.php
[Thu Jun 04 17:56:41.682965 2026] [php:error] [pid 10904:tid 1944] [client ::1:61528] script 'C:/xampp/htdocs/Kasibite/cart_add.php' not found or unable to stat, referer: http://localhost/kasibite/browse.php
[Thu Jun 04 19:22:43.028196 2026] [php:error] [pid 10904:tid 1920] [client ::1:51416] script 'C:/xampp/htdocs/Kasibite/cart.php' not found or unable to stat, referer: http://localhost/kasibite/browse.php
[Thu Jun 04 19:22:50.240323 2026] [php:error] [pid 10904:tid 1900] [client ::1:62169] script 'C:/xampp/htdocs/Kasibite/logout.php' not found or unable to stat, referer: http://localhost/kasibite/browse.php
[Thu Jun 04 19:23:55.647118 2026] [php:error] [pid 10904:tid 1920] [client ::1:64606] script 'C:/xampp/htdocs/Kasibite/register.php' not found or unable to stat, referer: http://localhost/kasibite/index.php
[Thu Jun 04 19:24:30.595889 2026] [php:error] [pid 10904:tid 1944] [client ::1:58984] script 'C:/xampp/htdocs/Kasibite/cart.php' not found or unable to stat, referer: http://localhost/kasibite/browse.php
[Fri Jun 05 00:15:56.532343 2026] [php:warn] [pid 10904:tid 1928] [client ::1:54052] PHP Warning:  Undefined array key "role" in C:\\xampp\\htdocs\\Kasibite\\register_user.php on line 4
[Fri Jun 05 00:17:38.975504 2026] [php:warn] [pid 10904:tid 1916] [client ::1:50993] PHP Warning:  Undefined array key "role" in C:\\xampp\\htdocs\\Kasibite\\register_user.php on line 4
[Fri Jun 05 00:17:47.441416 2026] [php:warn] [pid 10904:tid 1928] [client ::1:56089] PHP Warning:  Undefined array key "role" in C:\\xampp\\htdocs\\Kasibite\\register_user.php on line 4
[Fri Jun 05 00:17:50.426694 2026] [php:warn] [pid 10904:tid 1928] [client ::1:56089] PHP Warning:  Undefined array key "role" in C:\\xampp\\htdocs\\Kasibite\\register_user.php on line 4
[Fri Jun 05 00:19:08.716327 2026] [php:warn] [pid 10904:tid 1904] [client ::1:57680] PHP Warning:  Undefined array key "role" in C:\\xampp\\htdocs\\Kasibite\\register_user.php on line 4
[Fri Jun 05 00:19:10.009420 2026] [php:warn] [pid 10904:tid 1904] [client ::1:57680] PHP Warning:  Undefined array key "role" in C:\\xampp\\htdocs\\Kasibite\\register_user.php on line 4
[Fri Jun 05 00:19:10.993062 2026] [php:warn] [pid 10904:tid 1904] [client ::1:57680] PHP Warning:  Undefined array key "role" in C:\\xampp\\htdocs\\Kasibite\\register_user.php on line 4
[Fri Jun 05 00:22:46.116661 2026] [php:warn] [pid 10904:tid 1928] [client ::1:63186] PHP Warning:  Undefined array key "role" in C:\\xampp\\htdocs\\Kasibite\\register_user.php on line 4
[Fri Jun 05 00:22:46.997153 2026] [php:warn] [pid 10904:tid 1928] [client ::1:63186] PHP Warning:  Undefined array key "role" in C:\\xampp\\htdocs\\Kasibite\\register_user.php on line 4
[Fri Jun 05 00:22:47.179889 2026] [php:warn] [pid 10904:tid 1928] [client ::1:63186] PHP Warning:  Undefined array key "role" in C:\\xampp\\htdocs\\Kasibite\\register_user.php on line 4
[Fri Jun 05 00:22:47.411800 2026] [php:warn] [pid 10904:tid 1928] [client ::1:63186] PHP Warning:  Undefined array key "role" in C:\\xampp\\htdocs\\Kasibite\\register_user.php on line 4
[Fri Jun 05 09:50:27.957275 2026] [php:warn] [pid 10904:tid 1916] [client ::1:51609] PHP Warning:  Undefined array key "role" in C:\\xampp\\htdocs\\Kasibite\\register_user.php on line 4
[Fri Jun 05 09:50:29.075716 2026] [php:warn] [pid 10904:tid 1916] [client ::1:51609] PHP Warning:  Undefined array key "role" in C:\\xampp\\htdocs\\Kasibite\\register_user.php on line 4
[Fri Jun 05 09:50:29.870239 2026] [php:warn] [pid 10904:tid 1916] [client ::1:51609] PHP Warning:  Undefined array key "role" in C:\\xampp\\htdocs\\Kasibite\\register_user.php on line 4
[Fri Jun 05 09:56:10.562739 2026] [php:warn] [pid 10904:tid 1904] [client ::1:59878] PHP Warning:  Undefined array key "role" in C:\\xampp\\htdocs\\Kasibite\\admin.php on line 5
[Fri Jun 05 11:38:35.837822 2026] [php:error] [pid 10904:tid 1916] [client ::1:54542] script 'C:/xampp/htdocs/Kasibite/logout.php' not found or unable to stat, referer: http://localhost/kasibite/browse.php
[Fri Jun 05 11:39:02.825976 2026] [php:error] [pid 10904:tid 1928] [client ::1:54848] script 'C:/xampp/htdocs/Kasibite/cart.php' not found or unable to stat, referer: http://localhost/kasibite/browse.php
[Fri Jun 05 21:06:02.805189 2026] [php:error] [pid 10904:tid 1916] [client ::1:50510] script 'C:/xampp/htdocs/Kasibite/logout.php' not found or unable to stat, referer: http://localhost/kasibite/browse.php
[Wed Jun 10 10:16:14.947332 2026] [ssl:warn] [pid 2180:tid 200] AH01909: www.example.com:443:0 server certificate does NOT include an ID which matches the server name
[Wed Jun 10 10:16:14.997663 2026] [core:warn] [pid 2180:tid 200] AH00098: pid file C:/xampp/htdocs/Kasibite/apache/logs/httpd.pid overwritten -- Unclean shutdown of previous Apache run?
[Wed Jun 10 10:16:15.001686 2026] [ssl:warn] [pid 2180:tid 200] AH01909: www.example.com:443:0 server certificate does NOT include an ID which matches the server name
[Wed Jun 10 10:16:15.492517 2026] [mpm_winnt:notice] [pid 2180:tid 200] AH00455: Apache/2.4.58 (Win64) OpenSSL/3.1.3 PHP/8.2.12 configured -- resuming normal operations
[Wed Jun 10 10:16:15.492517 2026] [mpm_winnt:notice] [pid 2180:tid 200] AH00456: Apache Lounge VS17 Server built: Oct 18 2023 13:03:18
[Wed Jun 10 10:16:15.492517 2026] [core:notice] [pid 2180:tid 200] AH00094: Command line: 'c:\\xampp\\htdocs\\kasibite\\apache\\bin\\httpd.exe -d C:/xampp/htdocs/Kasibite/apache'
[Wed Jun 10 10:16:15.498440 2026] [mpm_winnt:notice] [pid 2180:tid 200] AH00418: Parent: Created child process 6980
[Wed Jun 10 10:16:15.922294 2026] [ssl:warn] [pid 6980:tid 200] AH01909: www.example.com:443:0 server certificate does NOT include an ID which matches the server name
[Wed Jun 10 10:16:15.967619 2026] [ssl:warn] [pid 6980:tid 200] AH01909: www.example.com:443:0 server certificate does NOT include an ID which matches the server name
[Wed Jun 10 10:16:16.021287 2026] [mpm_winnt:notice] [pid 6980:tid 200] AH00354: Child: Starting 150 worker threads.
[Wed Jun 10 10:40:46.970200 2026] [php:warn] [pid 6980:tid 1884] [client ::1:51270] PHP Warning:  Undefined array key "full_name" in C:\\xampp\\htdocs\\Kasibite\\admin.php on line 124, referer: http://localhost/kasibite/login.php
[Wed Jun 10 10:40:46.970200 2026] [php:warn] [pid 6980:tid 1884] [client ::1:51270] PHP Warning:  Undefined array key "status" in C:\\xampp\\htdocs\\Kasibite\\admin.php on line 127, referer: http://localhost/kasibite/login.php
[Wed Jun 10 10:40:46.970200 2026] [php:warn] [pid 6980:tid 1884] [client ::1:51270] PHP Warning:  Undefined array key "full_name" in C:\\xampp\\htdocs\\Kasibite\\admin.php on line 124, referer: http://localhost/kasibite/login.php
[Wed Jun 10 10:40:46.973879 2026] [php:warn] [pid 6980:tid 1884] [client ::1:51270] PHP Warning:  Undefined array key "status" in C:\\xampp\\htdocs\\Kasibite\\admin.php on line 127, referer: http://localhost/kasibite/login.php
[Wed Jun 10 10:40:46.973879 2026] [php:warn] [pid 6980:tid 1884] [client ::1:51270] PHP Warning:  Undefined array key "full_name" in C:\\xampp\\htdocs\\Kasibite\\admin.php on line 124, referer: http://localhost/kasibite/login.php
[Wed Jun 10 10:40:46.973879 2026] [php:warn] [pid 6980:tid 1884] [client ::1:51270] PHP Warning:  Undefined array key "status" in C:\\xampp\\htdocs\\Kasibite\\admin.php on line 127, referer: http://localhost/kasibite/login.php
[Wed Jun 10 10:40:46.973879 2026] [php:warn] [pid 6980:tid 1884] [client ::1:51270] PHP Warning:  Undefined array key "full_name" in C:\\xampp\\htdocs\\Kasibite\\admin.php on line 124, referer: http://localhost/kasibite/login.php
[Wed Jun 10 10:40:46.973879 2026] [php:warn] [pid 6980:tid 1884] [client ::1:51270] PHP Warning:  Undefined array key "status" in C:\\xampp\\htdocs\\Kasibite\\admin.php on line 127, referer: http://localhost/kasibite/login.php
[Wed Jun 10 10:40:46.973879 2026] [php:warn] [pid 6980:tid 1884] [client ::1:51270] PHP Warning:  Undefined array key "full_name" in C:\\xampp\\htdocs\\Kasibite\\admin.php on line 124, referer: http://localhost/kasibite/login.php
[Wed Jun 10 10:40:46.973879 2026] [php:warn] [pid 6980:tid 1884] [client ::1:51270] PHP Warning:  Undefined array key "status" in C:\\xampp\\htdocs\\Kasibite\\admin.php on line 127, referer: http://localhost/kasibite/login.php
[Wed Jun 10 10:40:46.973879 2026] [php:warn] [pid 6980:tid 1884] [client ::1:51270] PHP Warning:  Undefined array key "full_name" in C:\\xampp\\htdocs\\Kasibite\\admin.php on line 124, referer: http://localhost/kasibite/login.php
[Wed Jun 10 10:40:46.973879 2026] [php:warn] [pid 6980:tid 1884] [client ::1:51270] PHP Warning:  Undefined array key "status" in C:\\xampp\\htdocs\\Kasibite\\admin.php on line 127, referer: http://localhost/kasibite/login.php
[Wed Jun 10 10:40:46.973879 2026] [php:warn] [pid 6980:tid 1884] [client ::1:51270] PHP Warning:  Undefined array key "full_name" in C:\\xampp\\htdocs\\Kasibite\\admin.php on line 124, referer: http://localhost/kasibite/login.php
[Wed Jun 10 10:40:46.973879 2026] [php:warn] [pid 6980:tid 1884] [client ::1:51270] PHP Warning:  Undefined array key "status" in C:\\xampp\\htdocs\\Kasibite\\admin.php on line 127, referer: http://localhost/kasibite/login.php
[Wed Jun 10 10:40:46.977988 2026] [php:warn] [pid 6980:tid 1884] [client ::1:51270] PHP Warning:  Undefined array key "full_name" in C:\\xampp\\htdocs\\Kasibite\\admin.php on line 124, referer: http://localhost/kasibite/login.php
[Wed Jun 10 10:40:46.977988 2026] [php:warn] [pid 6980:tid 1884] [client ::1:51270] PHP Warning:  Undefined array key "status" in C:\\xampp\\htdocs\\Kasibite\\admin.php on line 127, referer: http://localhost/kasibite/login.php
[Wed Jun 10 10:40:46.977988 2026] [php:warn] [pid 6980:tid 1884] [client ::1:51270] PHP Warning:  Undefined array key "full_name" in C:\\xampp\\htdocs\\Kasibite\\admin.php on line 124, referer: http://localhost/kasibite/login.php
[Wed Jun 10 10:40:46.977988 2026] [php:warn] [pid 6980:tid 1884] [client ::1:51270] PHP Warning:  Undefined array key "status" in C:\\xampp\\htdocs\\Kasibite\\admin.php on line 127, referer: http://localhost/kasibite/login.php
[Wed Jun 10 11:45:10.743783 2026] [php:error] [pid 6980:tid 1912] [client ::1:64479] PHP Fatal error:  Uncaught PDOException: SQLSTATE[42S22]: Column not found: 1054 Unknown column 'status' in 'field list' in C:\\xampp\\htdocs\\Kasibite\\admin.php:21\nStack trace:\n#0 C:\\xampp\\htdocs\\Kasibite\\admin.php(21): PDOStatement->execute(Array)\n#1 {main}\n  thrown in C:\\xampp\\htdocs\\Kasibite\\admin.php on line 21, referer: http://localhost/kasibite/admin.php
[Wed Jun 10 11:45:13.675765 2026] [php:warn] [pid 6980:tid 1912] [client ::1:64479] PHP Warning:  Undefined array key "full_name" in C:\\xampp\\htdocs\\Kasibite\\admin.php on line 124, referer: http://localhost/kasibite/login.php
[Wed Jun 10 11:45:13.675765 2026] [php:warn] [pid 6980:tid 1912] [client ::1:64479] PHP Warning:  Undefined array key "status" in C:\\xampp\\htdocs\\Kasibite\\admin.php on line 127, referer: http://localhost/kasibite/login.php
[Wed Jun 10 11:45:13.675765 2026] [php:warn] [pid 6980:tid 1912] [client ::1:64479] PHP Warning:  Undefined array key "full_name" in C:\\xampp\\htdocs\\Kasibite\\admin.php on line 124, referer: http://localhost/kasibite/login.php
[Wed Jun 10 11:45:13.675765 2026] [php:warn] [pid 6980:tid 1912] [client ::1:64479] PHP Warning:  Undefined array key "status" in C:\\xampp\\htdocs\\Kasibite\\admin.php on line 127, referer: http://localhost/kasibite/login.php
[Wed Jun 10 11:45:13.675765 2026] [php:warn] [pid 6980:tid 1912] [client ::1:64479] PHP Warning:  Undefined array key "full_name" in C:\\xampp\\htdocs\\Kasibite\\admin.php on line 124, referer: http://localhost/kasibite/login.php
[Wed Jun 10 11:45:13.675765 2026] [php:warn] [pid 6980:tid 1912] [client ::1:64479] PHP Warning:  Undefined array key "status" in C:\\xampp\\htdocs\\Kasibite\\admin.php on line 127, referer: http://localhost/kasibite/login.php
[Wed Jun 10 11:45:13.675765 2026] [php:warn] [pid 6980:tid 1912] [client ::1:64479] PHP Warning:  Undefined array key "full_name" in C:\\xampp\\htdocs\\Kasibite\\admin.php on line 124, referer: http://localhost/kasibite/login.php
[Wed Jun 10 11:45:13.675765 2026] [php:warn] [pid 6980:tid 1912] [client ::1:64479] PHP Warning:  Undefined array key "status" in C:\\xampp\\htdocs\\Kasibite\\admin.php on line 127, referer: http://localhost/kasibite/login.php
[Wed Jun 10 11:45:13.675765 2026] [php:warn] [pid 6980:tid 1912] [client ::1:64479] PHP Warning:  Undefined array key "full_name" in C:\\xampp\\htdocs\\Kasibite\\admin.php on line 124, referer: http://localhost/kasibite/login.php
[Wed Jun 10 11:45:13.675765 2026] [php:warn] [pid 6980:tid 1912] [client ::1:64479] PHP Warning:  Undefined array key "status" in C:\\xampp\\htdocs\\Kasibite\\admin.php on line 127, referer: http://localhost/kasibite/login.php
[Wed Jun 10 11:45:13.675765 2026] [php:warn] [pid 6980:tid 1912] [client ::1:64479] PHP Warning:  Undefined array key "full_name" in C:\\xampp\\htdocs\\Kasibite\\admin.php on line 124, referer: http://localhost/kasibite/login.php
[Wed Jun 10 11:45:13.675765 2026] [php:warn] [pid 6980:tid 1912] [client ::1:64479] PHP Warning:  Undefined array key "status" in C:\\xampp\\htdocs\\Kasibite\\admin.php on line 127, referer: http://localhost/kasibite/login.php
[Wed Jun 10 11:45:13.675765 2026] [php:warn] [pid 6980:tid 1912] [client ::1:64479] PHP Warning:  Undefined array key "full_name" in C:\\xampp\\htdocs\\Kasibite\\admin.php on line 124, referer: http://localhost/kasibite/login.php
[Wed Jun 10 11:45:13.675765 2026] [php:warn] [pid 6980:tid 1912] [client ::1:64479] PHP Warning:  Undefined array key "status" in C:\\xampp\\htdocs\\Kasibite\\admin.php on line 127, referer: http://localhost/kasibite/login.php
[Wed Jun 10 11:45:13.675765 2026] [php:warn] [pid 6980:tid 1912] [client ::1:64479] PHP Warning:  Undefined array key "full_name" in C:\\xampp\\htdocs\\Kasibite\\admin.php on line 124, referer: http://localhost/kasibite/login.php
[Wed Jun 10 11:45:13.675765 2026] [php:warn] [pid 6980:tid 1912] [client ::1:64479] PHP Warning:  Undefined array key "status" in C:\\xampp\\htdocs\\Kasibite\\admin.php on line 127, referer: http://localhost/kasibite/login.php
[Wed Jun 10 11:45:13.675765 2026] [php:warn] [pid 6980:tid 1912] [client ::1:64479] PHP Warning:  Undefined array key "full_name" in C:\\xampp\\htdocs\\Kasibite\\admin.php on line 124, referer: http://localhost/kasibite/login.php
[Wed Jun 10 11:45:13.675765 2026] [php:warn] [pid 6980:tid 1912] [client ::1:64479] PHP Warning:  Undefined array key "status" in C:\\xampp\\htdocs\\Kasibite\\admin.php on line 127, referer: http://localhost/kasibite/login.php
[Wed Jun 10 14:13:35.206561 2026] [ssl:warn] [pid 9036:tid 388] AH01909: www.example.com:443:0 server certificate does NOT include an ID which matches the server name
[Wed Jun 10 14:13:35.249331 2026] [core:warn] [pid 9036:tid 388] AH00098: pid file C:/xampp/htdocs/Kasibite/apache/logs/httpd.pid overwritten -- Unclean shutdown of previous Apache run?
[Wed Jun 10 14:13:35.249331 2026] [ssl:warn] [pid 9036:tid 388] AH01909: www.example.com:443:0 server certificate does NOT include an ID which matches the server name
[Wed Jun 10 14:13:35.538181 2026] [mpm_winnt:notice] [pid 9036:tid 388] AH00455: Apache/2.4.58 (Win64) OpenSSL/3.1.3 PHP/8.2.12 configured -- resuming normal operations
[Wed Jun 10 14:13:35.538181 2026] [mpm_winnt:notice] [pid 9036:tid 388] AH00456: Apache Lounge VS17 Server built: Oct 18 2023 13:03:18
[Wed Jun 10 14:13:35.538181 2026] [core:notice] [pid 9036:tid 388] AH00094: Command line: 'c:\\xampp\\htdocs\\kasibite\\apache\\bin\\httpd.exe -d C:/xampp/htdocs/Kasibite/apache'
[Wed Jun 10 14:13:35.553227 2026] [mpm_winnt:notice] [pid 9036:tid 388] AH00418: Parent: Created child process 2660
[Wed Jun 10 14:13:35.802760 2026] [ssl:warn] [pid 2660:tid 348] AH01909: www.example.com:443:0 server certificate does NOT include an ID which matches the server name
[Wed Jun 10 14:13:35.831619 2026] [ssl:warn] [pid 2660:tid 348] AH01909: www.example.com:443:0 server certificate does NOT include an ID which matches the server name
[Wed Jun 10 14:13:35.863680 2026] [mpm_winnt:notice] [pid 2660:tid 348] AH00354: Child: Starting 150 worker threads.
[Wed Jun 10 14:18:23.832023 2026] [php:warn] [pid 2660:tid 1908] [client ::1:60723] PHP Warning:  Undefined array key "full_name" in C:\\xampp\\htdocs\\Kasibite\\admin.php on line 124, referer: http://localhost/kasibite/login.php
[Wed Jun 10 14:18:23.832023 2026] [php:warn] [pid 2660:tid 1908] [client ::1:60723] PHP Warning:  Undefined array key "status" in C:\\xampp\\htdocs\\Kasibite\\admin.php on line 127, referer: http://localhost/kasibite/login.php
[Wed Jun 10 14:18:23.832023 2026] [php:warn] [pid 2660:tid 1908] [client ::1:60723] PHP Warning:  Undefined array key "full_name" in C:\\xampp\\htdocs\\Kasibite\\admin.php on line 124, referer: http://localhost/kasibite/login.php
[Wed Jun 10 14:18:23.836303 2026] [php:warn] [pid 2660:tid 1908] [client ::1:60723] PHP Warning:  Undefined array key "status" in C:\\xampp\\htdocs\\Kasibite\\admin.php on line 127, referer: http://localhost/kasibite/login.php
[Wed Jun 10 14:18:23.836303 2026] [php:warn] [pid 2660:tid 1908] [client ::1:60723] PHP Warning:  Undefined array key "full_name" in C:\\xampp\\htdocs\\Kasibite\\admin.php on line 124, referer: http://localhost/kasibite/login.php
[Wed Jun 10 14:18:23.836303 2026] [php:warn] [pid 2660:tid 1908] [client ::1:60723] PHP Warning:  Undefined array key "status" in C:\\xampp\\htdocs\\Kasibite\\admin.php on line 127, referer: http://localhost/kasibite/login.php
[Wed Jun 10 14:18:23.836303 2026] [php:warn] [pid 2660:tid 1908] [client ::1:60723] PHP Warning:  Undefined array key "full_name" in C:\\xampp\\htdocs\\Kasibite\\admin.php on line 124, referer: http://localhost/kasibite/login.php
[Wed Jun 10 14:18:23.836303 2026] [php:warn] [pid 2660:tid 1908] [client ::1:60723] PHP Warning:  Undefined array key "status" in C:\\xampp\\htdocs\\Kasibite\\admin.php on line 127, referer: http://localhost/kasibite/login.php
[Wed Jun 10 14:18:23.836303 2026] [php:warn] [pid 2660:tid 1908] [client ::1:60723] PHP Warning:  Undefined array key "full_name" in C:\\xampp\\htdocs\\Kasibite\\admin.php on line 124, referer: http://localhost/kasibite/login.php
[Wed Jun 10 14:18:23.837319 2026] [php:warn] [pid 2660:tid 1908] [client ::1:60723] PHP Warning:  Undefined array key "status" in C:\\xampp\\htdocs\\Kasibite\\admin.php on line 127, referer: http://localhost/kasibite/login.php
[Wed Jun 10 14:18:23.837319 2026] [php:warn] [pid 2660:tid 1908] [client ::1:60723] PHP Warning:  Undefined array key "full_name" in C:\\xampp\\htdocs\\Kasibite\\admin.php on line 124, referer: http://localhost/kasibite/login.php
[Wed Jun 10 14:18:23.837319 2026] [php:warn] [pid 2660:tid 1908] [client ::1:60723] PHP Warning:  Undefined array key "status" in C:\\xampp\\htdocs\\Kasibite\\admin.php on line 127, referer: http://localhost/kasibite/login.php
[Wed Jun 10 14:18:23.837319 2026] [php:warn] [pid 2660:tid 1908] [client ::1:60723] PHP Warning:  Undefined array key "full_name" in C:\\xampp\\htdocs\\Kasibite\\admin.php on line 124, referer: http://localhost/kasibite/login.php
[Wed Jun 10 14:18:23.837319 2026] [php:warn] [pid 2660:tid 1908] [client ::1:60723] PHP Warning:  Undefined array key "status" in C:\\xampp\\htdocs\\Kasibite\\admin.php on line 127, referer: http://localhost/kasibite/login.php
[Wed Jun 10 14:18:23.837827 2026] [php:warn] [pid 2660:tid 1908] [client ::1:60723] PHP Warning:  Undefined array key "full_name" in C:\\xampp\\htdocs\\Kasibite\\admin.php on line 124, referer: http://localhost/kasibite/login.php
[Wed Jun 10 14:18:23.837827 2026] [php:warn] [pid 2660:tid 1908] [client ::1:60723] PHP Warning:  Undefined array key "status" in C:\\xampp\\htdocs\\Kasibite\\admin.php on line 127, referer: http://localhost/kasibite/login.php
[Wed Jun 10 14:18:23.837827 2026] [php:warn] [pid 2660:tid 1908] [client ::1:60723] PHP Warning:  Undefined array key "full_name" in C:\\xampp\\htdocs\\Kasibite\\admin.php on line 124, referer: http://localhost/kasibite/login.php
[Wed Jun 10 14:18:23.837827 2026] [php:warn] [pid 2660:tid 1908] [client ::1:60723] PHP Warning:  Undefined array key "status" in C:\\xampp\\htdocs\\Kasibite\\admin.php on line 127, referer: http://localhost/kasibite/login.php
[Wed Jun 10 15:04:57.242634 2026] [php:error] [pid 2660:tid 1884] [client ::1:49768] PHP Fatal error:  Uncaught PDOException: SQLSTATE[42S22]: Column not found: 1054 Unknown column 'status' in 'field list' in C:\\xampp\\htdocs\\Kasibite\\admin.php:21\nStack trace:\n#0 C:\\xampp\\htdocs\\Kasibite\\admin.php(21): PDOStatement->execute(Array)\n#1 {main}\n  thrown in C:\\xampp\\htdocs\\Kasibite\\admin.php on line 21, referer: http://localhost/kasibite/admin.php
[Wed Jun 10 15:07:26.060140 2026] [php:warn] [pid 2660:tid 1908] [client ::1:57707] PHP Warning:  Undefined array key "full_name" in C:\\xampp\\htdocs\\Kasibite\\admin.php on line 124, referer: http://localhost/kasibite/login.php
[Wed Jun 10 15:07:26.060140 2026] [php:warn] [pid 2660:tid 1908] [client ::1:57707] PHP Warning:  Undefined array key "status" in C:\\xampp\\htdocs\\Kasibite\\admin.php on line 127, referer: http://localhost/kasibite/login.php
[Wed Jun 10 15:07:26.060140 2026] [php:warn] [pid 2660:tid 1908] [client ::1:57707] PHP Warning:  Undefined array key "full_name" in C:\\xampp\\htdocs\\Kasibite\\admin.php on line 124, referer: http://localhost/kasibite/login.php
[Wed Jun 10 15:07:26.060140 2026] [php:warn] [pid 2660:tid 1908] [client ::1:57707] PHP Warning:  Undefined array key "status" in C:\\xampp\\htdocs\\Kasibite\\admin.php on line 127, referer: http://localhost/kasibite/login.php
[Wed Jun 10 15:07:26.060140 2026] [php:warn] [pid 2660:tid 1908] [client ::1:57707] PHP Warning:  Undefined array key "full_name" in C:\\xampp\\htdocs\\Kasibite\\admin.php on line 124, referer: http://localhost/kasibite/login.php
[Wed Jun 10 15:07:26.060140 2026] [php:warn] [pid 2660:tid 1908] [client ::1:57707] PHP Warning:  Undefined array key "status" in C:\\xampp\\htdocs\\Kasibite\\admin.php on line 127, referer: http://localhost/kasibite/login.php
[Wed Jun 10 15:07:26.060140 2026] [php:warn] [pid 2660:tid 1908] [client ::1:57707] PHP Warning:  Undefined array key "full_name" in C:\\xampp\\htdocs\\Kasibite\\admin.php on line 124, referer: http://localhost/kasibite/login.php
[Wed Jun 10 15:07:26.060140 2026] [php:warn] [pid 2660:tid 1908] [client ::1:57707] PHP Warning:  Undefined array key "status" in C:\\xampp\\htdocs\\Kasibite\\admin.php on line 127, referer: http://localhost/kasibite/login.php
[Wed Jun 10 15:07:26.060140 2026] [php:warn] [pid 2660:tid 1908] [client ::1:57707] PHP Warning:  Undefined array key "full_name" in C:\\xampp\\htdocs\\Kasibite\\admin.php on line 124, referer: http://localhost/kasibite/login.php
[Wed Jun 10 15:07:26.060140 2026] [php:warn] [pid 2660:tid 1908] [client ::1:57707] PHP Warning:  Undefined array key "status" in C:\\xampp\\htdocs\\Kasibite\\admin.php on line 127, referer: http://localhost/kasibite/login.php
[Wed Jun 10 15:07:26.060140 2026] [php:warn] [pid 2660:tid 1908] [client ::1:57707] PHP Warning:  Undefined array key "full_name" in C:\\xampp\\htdocs\\Kasibite\\admin.php on line 124, referer: http://localhost/kasibite/login.php
[Wed Jun 10 15:07:26.060140 2026] [php:warn] [pid 2660:tid 1908] [client ::1:57707] PHP Warning:  Undefined array key "status" in C:\\xampp\\htdocs\\Kasibite\\admin.php on line 127, referer: http://localhost/kasibite/login.php
[Wed Jun 10 15:07:26.060140 2026] [php:warn] [pid 2660:tid 1908] [client ::1:57707] PHP Warning:  Undefined array key "full_name" in C:\\xampp\\htdocs\\Kasibite\\admin.php on line 124, referer: http://localhost/kasibite/login.php
[Wed Jun 10 15:07:26.060140 2026] [php:warn] [pid 2660:tid 1908] [client ::1:57707] PHP Warning:  Undefined array key "status" in C:\\xampp\\htdocs\\Kasibite\\admin.php on line 127, referer: http://localhost/kasibite/login.php
[Wed Jun 10 15:07:26.060140 2026] [php:warn] [pid 2660:tid 1908] [client ::1:57707] PHP Warning:  Undefined array key "full_name" in C:\\xampp\\htdocs\\Kasibite\\admin.php on line 124, referer: http://localhost/kasibite/login.php
[Wed Jun 10 15:07:26.060140 2026] [php:warn] [pid 2660:tid 1908] [client ::1:57707] PHP Warning:  Undefined array key "status" in C:\\xampp\\htdocs\\Kasibite\\admin.php on line 127, referer: http://localhost/kasibite/login.php
[Wed Jun 10 15:07:26.060140 2026] [php:warn] [pid 2660:tid 1908] [client ::1:57707] PHP Warning:  Undefined array key "full_name" in C:\\xampp\\htdocs\\Kasibite\\admin.php on line 124, referer: http://localhost/kasibite/login.php
[Wed Jun 10 15:07:26.060140 2026] [php:warn] [pid 2660:tid 1908] [client ::1:57707] PHP Warning:  Undefined array key "status" in C:\\xampp\\htdocs\\Kasibite\\admin.php on line 127, referer: http://localhost/kasibite/login.php
[Wed Jun 10 15:07:35.050258 2026] [php:error] [pid 2660:tid 1884] [client ::1:60028] script 'C:/xampp/htdocs/Kasibite/calude_landing.php' not found or unable to stat
[Wed Jun 10 15:18:57.891411 2026] [php:warn] [pid 2660:tid 1908] [client ::1:60788] PHP Warning:  Undefined array key "status" in C:\\xampp\\htdocs\\Kasibite\\admin.php on line 42
[Wed Jun 10 15:18:57.904739 2026] [php:warn] [pid 2660:tid 1908] [client ::1:60788] PHP Warning:  Undefined array key "status" in C:\\xampp\\htdocs\\Kasibite\\admin.php on line 42
[Wed Jun 10 15:18:57.904739 2026] [php:warn] [pid 2660:tid 1908] [client ::1:60788] PHP Warning:  Undefined array key "status" in C:\\xampp\\htdocs\\Kasibite\\admin.php on line 42
[Wed Jun 10 15:18:57.904739 2026] [php:warn] [pid 2660:tid 1908] [client ::1:60788] PHP Warning:  Undefined array key "status" in C:\\xampp\\htdocs\\Kasibite\\admin.php on line 42
[Wed Jun 10 15:18:57.905755 2026] [php:warn] [pid 2660:tid 1908] [client ::1:60788] PHP Warning:  Undefined array key "status" in C:\\xampp\\htdocs\\Kasibite\\admin.php on line 42
[Wed Jun 10 15:18:57.905755 2026] [php:warn] [pid 2660:tid 1908] [client ::1:60788] PHP Warning:  Undefined array key "full_name" in C:\\xampp\\htdocs\\Kasibite\\admin.php on line 186
[Wed Jun 10 15:18:57.905755 2026] [php:warn] [pid 2660:tid 1908] [client ::1:60788] PHP Warning:  Undefined array key "status" in C:\\xampp\\htdocs\\Kasibite\\admin.php on line 191
[Wed Jun 10 15:18:57.905755 2026] [php:warn] [pid 2660:tid 1908] [client ::1:60788] PHP Warning:  Undefined array key "full_name" in C:\\xampp\\htdocs\\Kasibite\\admin.php on line 186
[Wed Jun 10 15:18:57.905755 2026] [php:warn] [pid 2660:tid 1908] [client ::1:60788] PHP Warning:  Undefined array key "status" in C:\\xampp\\htdocs\\Kasibite\\admin.php on line 191
[Wed Jun 10 15:18:57.906877 2026] [php:warn] [pid 2660:tid 1908] [client ::1:60788] PHP Warning:  Undefined array key "full_name" in C:\\xampp\\htdocs\\Kasibite\\admin.php on line 186
[Wed Jun 10 15:18:57.906877 2026] [php:warn] [pid 2660:tid 1908] [client ::1:60788] PHP Warning:  Undefined array key "status" in C:\\xampp\\htdocs\\Kasibite\\admin.php on line 191
[Wed Jun 10 15:18:57.906877 2026] [php:warn] [pid 2660:tid 1908] [client ::1:60788] PHP Warning:  Undefined array key "full_name" in C:\\xampp\\htdocs\\Kasibite\\admin.php on line 186
[Wed Jun 10 15:18:57.906877 2026] [php:warn] [pid 2660:tid 1908] [client ::1:60788] PHP Warning:  Undefined array key "status" in C:\\xampp\\htdocs\\Kasibite\\admin.php on line 191
[Wed Jun 10 15:18:57.907422 2026] [php:warn] [pid 2660:tid 1908] [client ::1:60788] PHP Warning:  Undefined array key "full_name" in C:\\xampp\\htdocs\\Kasibite\\admin.php on line 186
[Wed Jun 10 15:18:57.907422 2026] [php:warn] [pid 2660:tid 1908] [client ::1:60788] PHP Warning:  Undefined array key "status" in C:\\xampp\\htdocs\\Kasibite\\admin.php on line 191
[Wed Jun 10 15:18:57.907422 2026] [php:warn] [pid 2660:tid 1908] [client ::1:60788] PHP Warning:  Undefined array key "full_name" in C:\\xampp\\htdocs\\Kasibite\\admin.php on line 186
[Wed Jun 10 15:18:57.907422 2026] [php:warn] [pid 2660:tid 1908] [client ::1:60788] PHP Warning:  Undefined array key "status" in C:\\xampp\\htdocs\\Kasibite\\admin.php on line 191
[Wed Jun 10 15:18:57.907422 2026] [php:warn] [pid 2660:tid 1908] [client ::1:60788] PHP Warning:  Undefined array key "full_name" in C:\\xampp\\htdocs\\Kasibite\\admin.php on line 186
[Wed Jun 10 15:18:57.907422 2026] [php:warn] [pid 2660:tid 1908] [client ::1:60788] PHP Warning:  Undefined array key "status" in C:\\xampp\\htdocs\\Kasibite\\admin.php on line 191
[Wed Jun 10 15:18:57.907422 2026] [php:warn] [pid 2660:tid 1908] [client ::1:60788] PHP Warning:  Undefined array key "full_name" in C:\\xampp\\htdocs\\Kasibite\\admin.php on line 186
[Wed Jun 10 15:18:57.907422 2026] [php:warn] [pid 2660:tid 1908] [client ::1:60788] PHP Warning:  Undefined array key "status" in C:\\xampp\\htdocs\\Kasibite\\admin.php on line 191
[Wed Jun 10 15:18:57.907422 2026] [php:warn] [pid 2660:tid 1908] [client ::1:60788] PHP Warning:  Undefined array key "full_name" in C:\\xampp\\htdocs\\Kasibite\\admin.php on line 186
[Wed Jun 10 15:18:57.907422 2026] [php:warn] [pid 2660:tid 1908] [client ::1:60788] PHP Warning:  Undefined array key "status" in C:\\xampp\\htdocs\\Kasibite\\admin.php on line 191
[Wed Jun 10 15:19:08.151995 2026] [php:warn] [pid 2660:tid 1884] [client ::1:52855] PHP Warning:  Undefined array key "status" in C:\\xampp\\htdocs\\Kasibite\\admin.php on line 42
[Wed Jun 10 15:19:08.151995 2026] [php:warn] [pid 2660:tid 1884] [client ::1:52855] PHP Warning:  Undefined array key "status" in C:\\xampp\\htdocs\\Kasibite\\admin.php on line 42
[Wed Jun 10 15:19:08.151995 2026] [php:warn] [pid 2660:tid 1884] [client ::1:52855] PHP Warning:  Undefined array key "status" in C:\\xampp\\htdocs\\Kasibite\\admin.php on line 42
[Wed Jun 10 15:19:08.151995 2026] [php:warn] [pid 2660:tid 1884] [client ::1:52855] PHP Warning:  Undefined array key "status" in C:\\xampp\\htdocs\\Kasibite\\admin.php on line 42
[Wed Jun 10 15:19:08.151995 2026] [php:warn] [pid 2660:tid 1884] [client ::1:52855] PHP Warning:  Undefined array key "status" in C:\\xampp\\htdocs\\Kasibite\\admin.php on line 42
[Wed Jun 10 15:19:08.151995 2026] [php:warn] [pid 2660:tid 1884] [client ::1:52855] PHP Warning:  Undefined array key "full_name" in C:\\xampp\\htdocs\\Kasibite\\admin.php on line 186
[Wed Jun 10 15:19:08.151995 2026] [php:warn] [pid 2660:tid 1884] [client ::1:52855] PHP Warning:  Undefined array key "status" in C:\\xampp\\htdocs\\Kasibite\\admin.php on line 191
[Wed Jun 10 15:19:08.151995 2026] [php:warn] [pid 2660:tid 1884] [client ::1:52855] PHP Warning:  Undefined array key "full_name" in C:\\xampp\\htdocs\\Kasibite\\admin.php on line 186
[Wed Jun 10 15:19:08.151995 2026] [php:warn] [pid 2660:tid 1884] [client ::1:52855] PHP Warning:  Undefined array key "status" in C:\\xampp\\htdocs\\Kasibite\\admin.php on line 191
[Wed Jun 10 15:19:08.151995 2026] [php:warn] [pid 2660:tid 1884] [client ::1:52855] PHP Warning:  Undefined array key "full_name" in C:\\xampp\\htdocs\\Kasibite\\admin.php on line 186
[Wed Jun 10 15:19:08.151995 2026] [php:warn] [pid 2660:tid 1884] [client ::1:52855] PHP Warning:  Undefined array key "status" in C:\\xampp\\htdocs\\Kasibite\\admin.php on line 191
[Wed Jun 10 15:19:08.154653 2026] [php:warn] [pid 2660:tid 1884] [client ::1:52855] PHP Warning:  Undefined array key "full_name" in C:\\xampp\\htdocs\\Kasibite\\admin.php on line 186
[Wed Jun 10 15:19:08.154653 2026] [php:warn] [pid 2660:tid 1884] [client ::1:52855] PHP Warning:  Undefined array key "status" in C:\\xampp\\htdocs\\Kasibite\\admin.php on line 191
[Wed Jun 10 15:19:08.154653 2026] [php:warn] [pid 2660:tid 1884] [client ::1:52855] PHP Warning:  Undefined array key "full_name" in C:\\xampp\\htdocs\\Kasibite\\admin.php on line 186
[Wed Jun 10 15:19:08.154653 2026] [php:warn] [pid 2660:tid 1884] [client ::1:52855] PHP Warning:  Undefined array key "status" in C:\\xampp\\htdocs\\Kasibite\\admin.php on line 191
[Wed Jun 10 15:19:08.154653 2026] [php:warn] [pid 2660:tid 1884] [client ::1:52855] PHP Warning:  Undefined array key "full_name" in C:\\xampp\\htdocs\\Kasibite\\admin.php on line 186
[Wed Jun 10 15:19:08.154653 2026] [php:warn] [pid 2660:tid 1884] [client ::1:52855] PHP Warning:  Undefined array key "status" in C:\\xampp\\htdocs\\Kasibite\\admin.php on line 191
[Wed Jun 10 15:19:08.154653 2026] [php:warn] [pid 2660:tid 1884] [client ::1:52855] PHP Warning:  Undefined array key "full_name" in C:\\xampp\\htdocs\\Kasibite\\admin.php on line 186
[Wed Jun 10 15:19:08.154653 2026] [php:warn] [pid 2660:tid 1884] [client ::1:52855] PHP Warning:  Undefined array key "status" in C:\\xampp\\htdocs\\Kasibite\\admin.php on line 191
[Wed Jun 10 15:19:08.155665 2026] [php:warn] [pid 2660:tid 1884] [client ::1:52855] PHP Warning:  Undefined array key "full_name" in C:\\xampp\\htdocs\\Kasibite\\admin.php on line 186
[Wed Jun 10 15:19:08.155665 2026] [php:warn] [pid 2660:tid 1884] [client ::1:52855] PHP Warning:  Undefined array key "status" in C:\\xampp\\htdocs\\Kasibite\\admin.php on line 191
[Wed Jun 10 15:19:08.155665 2026] [php:warn] [pid 2660:tid 1884] [client ::1:52855] PHP Warning:  Undefined array key "full_name" in C:\\xampp\\htdocs\\Kasibite\\admin.php on line 186
[Wed Jun 10 15:19:08.155665 2026] [php:warn] [pid 2660:tid 1884] [client ::1:52855] PHP Warning:  Undefined array key "status" in C:\\xampp\\htdocs\\Kasibite\\admin.php on line 191
[Wed Jun 10 15:19:09.272572 2026] [php:warn] [pid 2660:tid 1884] [client ::1:52855] PHP Warning:  Undefined array key "status" in C:\\xampp\\htdocs\\Kasibite\\admin.php on line 42
[Wed Jun 10 15:19:09.272572 2026] [php:warn] [pid 2660:tid 1884] [client ::1:52855] PHP Warning:  Undefined array key "status" in C:\\xampp\\htdocs\\Kasibite\\admin.php on line 42
[Wed Jun 10 15:19:09.273063 2026] [php:warn] [pid 2660:tid 1884] [client ::1:52855] PHP Warning:  Undefined array key "status" in C:\\xampp\\htdocs\\Kasibite\\admin.php on line 42
[Wed Jun 10 15:19:09.273063 2026] [php:warn] [pid 2660:tid 1884] [client ::1:52855] PHP Warning:  Undefined array key "status" in C:\\xampp\\htdocs\\Kasibite\\admin.php on line 42
[Wed Jun 10 15:19:09.273063 2026] [php:warn] [pid 2660:tid 1884] [client ::1:52855] PHP Warning:  Undefined array key "status" in C:\\xampp\\htdocs\\Kasibite\\admin.php on line 42
[Wed Jun 10 15:19:09.273063 2026] [php:warn] [pid 2660:tid 1884] [client ::1:52855] PHP Warning:  Undefined array key "full_name" in C:\\xampp\\htdocs\\Kasibite\\admin.php on line 186
[Wed Jun 10 15:19:09.273063 2026] [php:warn] [pid 2660:tid 1884] [client ::1:52855] PHP Warning:  Undefined array key "status" in C:\\xampp\\htdocs\\Kasibite\\admin.php on line 191
[Wed Jun 10 15:19:09.273063 2026] [php:warn] [pid 2660:tid 1884] [client ::1:52855] PHP Warning:  Undefined array key "full_name" in C:\\xampp\\htdocs\\Kasibite\\admin.php on line 186
[Wed Jun 10 15:19:09.273063 2026] [php:warn] [pid 2660:tid 1884] [client ::1:52855] PHP Warning:  Undefined array key "status" in C:\\xampp\\htdocs\\Kasibite\\admin.php on line 191
[Wed Jun 10 15:19:09.273063 2026] [php:warn] [pid 2660:tid 1884] [client ::1:52855] PHP Warning:  Undefined array key "full_name" in C:\\xampp\\htdocs\\Kasibite\\admin.php on line 186
[Wed Jun 10 15:19:09.273063 2026] [php:warn] [pid 2660:tid 1884] [client ::1:52855] PHP Warning:  Undefined array key "status" in C:\\xampp\\htdocs\\Kasibite\\admin.php on line 191
[Wed Jun 10 15:19:09.273063 2026] [php:warn] [pid 2660:tid 1884] [client ::1:52855] PHP Warning:  Undefined array key "full_name" in C:\\xampp\\htdocs\\Kasibite\\admin.php on line 186
[Wed Jun 10 15:19:09.273063 2026] [php:warn] [pid 2660:tid 1884] [client ::1:52855] PHP Warning:  Undefined array key "status" in C:\\xampp\\htdocs\\Kasibite\\admin.php on line 191
[Wed Jun 10 15:19:09.273063 2026] [php:warn] [pid 2660:tid 1884] [client ::1:52855] PHP Warning:  Undefined array key "full_name" in C:\\xampp\\htdocs\\Kasibite\\admin.php on line 186
[Wed Jun 10 15:19:09.273063 2026] [php:warn] [pid 2660:tid 1884] [client ::1:52855] PHP Warning:  Undefined array key "status" in C:\\xampp\\htdocs\\Kasibite\\admin.php on line 191
[Wed Jun 10 15:19:09.273063 2026] [php:warn] [pid 2660:tid 1884] [client ::1:52855] PHP Warning:  Undefined array key "full_name" in C:\\xampp\\htdocs\\Kasibite\\admin.php on line 186
[Wed Jun 10 15:19:09.273063 2026] [php:warn] [pid 2660:tid 1884] [client ::1:52855] PHP Warning:  Undefined array key "status" in C:\\xampp\\htdocs\\Kasibite\\admin.php on line 191
[Wed Jun 10 15:19:09.273063 2026] [php:warn] [pid 2660:tid 1884] [client ::1:52855] PHP Warning:  Undefined array key "full_name" in C:\\xampp\\htdocs\\Kasibite\\admin.php on line 186
[Wed Jun 10 15:19:09.273063 2026] [php:warn] [pid 2660:tid 1884] [client ::1:52855] PHP Warning:  Undefined array key "status" in C:\\xampp\\htdocs\\Kasibite\\admin.php on line 191
[Wed Jun 10 15:19:09.273063 2026] [php:warn] [pid 2660:tid 1884] [client ::1:52855] PHP Warning:  Undefined array key "full_name" in C:\\xampp\\htdocs\\Kasibite\\admin.php on line 186
[Wed Jun 10 15:19:09.273063 2026] [php:warn] [pid 2660:tid 1884] [client ::1:52855] PHP Warning:  Undefined array key "status" in C:\\xampp\\htdocs\\Kasibite\\admin.php on line 191
[Wed Jun 10 15:19:09.273063 2026] [php:warn] [pid 2660:tid 1884] [client ::1:52855] PHP Warning:  Undefined array key "full_name" in C:\\xampp\\htdocs\\Kasibite\\admin.php on line 186
[Wed Jun 10 15:19:09.276675 2026] [php:warn] [pid 2660:tid 1884] [client ::1:52855] PHP Warning:  Undefined array key "status" in C:\\xampp\\htdocs\\Kasibite\\admin.php on line 191
[Wed Jun 10 15:19:10.071108 2026] [php:warn] [pid 2660:tid 1884] [client ::1:52855] PHP Warning:  Undefined array key "status" in C:\\xampp\\htdocs\\Kasibite\\admin.php on line 42
[Wed Jun 10 15:19:10.072123 2026] [php:warn] [pid 2660:tid 1884] [client ::1:52855] PHP Warning:  Undefined array key "status" in C:\\xampp\\htdocs\\Kasibite\\admin.php on line 42
[Wed Jun 10 15:19:10.072123 2026] [php:warn] [pid 2660:tid 1884] [client ::1:52855] PHP Warning:  Undefined array key "status" in C:\\xampp\\htdocs\\Kasibite\\admin.php on line 42
[Wed Jun 10 15:19:10.072123 2026] [php:warn] [pid 2660:tid 1884] [client ::1:52855] PHP Warning:  Undefined array key "status" in C:\\xampp\\htdocs\\Kasibite\\admin.php on line 42
[Wed Jun 10 15:19:10.072123 2026] [php:warn] [pid 2660:tid 1884] [client ::1:52855] PHP Warning:  Undefined array key "status" in C:\\xampp\\htdocs\\Kasibite\\admin.php on line 42
[Wed Jun 10 15:19:10.072123 2026] [php:warn] [pid 2660:tid 1884] [client ::1:52855] PHP Warning:  Undefined array key "full_name" in C:\\xampp\\htdocs\\Kasibite\\admin.php on line 186
[Wed Jun 10 15:19:10.072123 2026] [php:warn] [pid 2660:tid 1884] [client ::1:52855] PHP Warning:  Undefined array key "status" in C:\\xampp\\htdocs\\Kasibite\\admin.php on line 191
[Wed Jun 10 15:19:10.072123 2026] [php:warn] [pid 2660:tid 1884] [client ::1:52855] PHP Warning:  Undefined array key "full_name" in C:\\xampp\\htdocs\\Kasibite\\admin.php on line 186
[Wed Jun 10 15:19:10.072123 2026] [php:warn] [pid 2660:tid 1884] [client ::1:52855] PHP Warning:  Undefined array key "status" in C:\\xampp\\htdocs\\Kasibite\\admin.php on line 191
[Wed Jun 10 15:19:10.072123 2026] [php:warn] [pid 2660:tid 1884] [client ::1:52855] PHP Warning:  Undefined array key "full_name" in C:\\xampp\\htdocs\\Kasibite\\admin.php on line 186
[Wed Jun 10 15:19:10.072123 2026] [php:warn] [pid 2660:tid 1884] [client ::1:52855] PHP Warning:  Undefined array key "status" in C:\\xampp\\htdocs\\Kasibite\\admin.php on line 191
[Wed Jun 10 15:19:10.072123 2026] [php:warn] [pid 2660:tid 1884] [client ::1:52855] PHP Warning:  Undefined array key "full_name" in C:\\xampp\\htdocs\\Kasibite\\admin.php on line 186
[Wed Jun 10 15:19:10.072123 2026] [php:warn] [pid 2660:tid 1884] [client ::1:52855] PHP Warning:  Undefined array key "status" in C:\\xampp\\htdocs\\Kasibite\\admin.php on line 191
[Wed Jun 10 15:19:10.073116 2026] [php:warn] [pid 2660:tid 1884] [client ::1:52855] PHP Warning:  Undefined array key "full_name" in C:\\xampp\\htdocs\\Kasibite\\admin.php on line 186
[Wed Jun 10 15:19:10.073116 2026] [php:warn] [pid 2660:tid 1884] [client ::1:52855] PHP Warning:  Undefined array key "status" in C:\\xampp\\htdocs\\Kasibite\\admin.php on line 191
[Wed Jun 10 15:19:10.073116 2026] [php:warn] [pid 2660:tid 1884] [client ::1:52855] PHP Warning:  Undefined array key "full_name" in C:\\xampp\\htdocs\\Kasibite\\admin.php on line 186
[Wed Jun 10 15:19:10.073116 2026] [php:warn] [pid 2660:tid 1884] [client ::1:52855] PHP Warning:  Undefined array key "status" in C:\\xampp\\htdocs\\Kasibite\\admin.php on line 191
[Wed Jun 10 15:19:10.073116 2026] [php:warn] [pid 2660:tid 1884] [client ::1:52855] PHP Warning:  Undefined array key "full_name" in C:\\xampp\\htdocs\\Kasibite\\admin.php on line 186
[Wed Jun 10 15:19:10.073116 2026] [php:warn] [pid 2660:tid 1884] [client ::1:52855] PHP Warning:  Undefined array key "status" in C:\\xampp\\htdocs\\Kasibite\\admin.php on line 191
[Wed Jun 10 15:19:10.074302 2026] [php:warn] [pid 2660:tid 1884] [client ::1:52855] PHP Warning:  Undefined array key "full_name" in C:\\xampp\\htdocs\\Kasibite\\admin.php on line 186
[Wed Jun 10 15:19:10.074302 2026] [php:warn] [pid 2660:tid 1884] [client ::1:52855] PHP Warning:  Undefined array key "status" in C:\\xampp\\htdocs\\Kasibite\\admin.php on line 191
[Wed Jun 10 15:19:10.074302 2026] [php:warn] [pid 2660:tid 1884] [client ::1:52855] PHP Warning:  Undefined array key "full_name" in C:\\xampp\\htdocs\\Kasibite\\admin.php on line 186
[Wed Jun 10 15:19:10.075125 2026] [php:warn] [pid 2660:tid 1884] [client ::1:52855] PHP Warning:  Undefined array key "status" in C:\\xampp\\htdocs\\Kasibite\\admin.php on line 191
[Wed Jun 10 15:19:10.752703 2026] [php:warn] [pid 2660:tid 1884] [client ::1:52855] PHP Warning:  Undefined array key "status" in C:\\xampp\\htdocs\\Kasibite\\admin.php on line 42
[Wed Jun 10 15:19:10.752703 2026] [php:warn] [pid 2660:tid 1884] [client ::1:52855] PHP Warning:  Undefined array key "status" in C:\\xampp\\htdocs\\Kasibite\\admin.php on line 42
[Wed Jun 10 15:19:10.752703 2026] [php:warn] [pid 2660:tid 1884] [client ::1:52855] PHP Warning:  Undefined array key "status" in C:\\xampp\\htdocs\\Kasibite\\admin.php on line 42
[Wed Jun 10 15:19:10.752703 2026] [php:warn] [pid 2660:tid 1884] [client ::1:52855] PHP Warning:  Undefined array key "status" in C:\\xampp\\htdocs\\Kasibite\\admin.php on line 42
[Wed Jun 10 15:19:10.752703 2026] [php:warn] [pid 2660:tid 1884] [client ::1:52855] PHP Warning:  Undefined array key "status" in C:\\xampp\\htdocs\\Kasibite\\admin.php on line 42
[Wed Jun 10 15:19:10.752703 2026] [php:warn] [pid 2660:tid 1884] [client ::1:52855] PHP Warning:  Undefined array key "full_name" in C:\\xampp\\htdocs\\Kasibite\\admin.php on line 186
[Wed Jun 10 15:19:10.752703 2026] [php:warn] [pid 2660:tid 1884] [client ::1:52855] PHP Warning:  Undefined array key "status" in C:\\xampp\\htdocs\\Kasibite\\admin.php on line 191
[Wed Jun 10 15:19:10.752703 2026] [php:warn] [pid 2660:tid 1884] [client ::1:52855] PHP Warning:  Undefined array key "full_name" in C:\\xampp\\htdocs\\Kasibite\\admin.php on line 186
[Wed Jun 10 15:19:10.754534 2026] [php:warn] [pid 2660:tid 1884] [client ::1:52855] PHP Warning:  Undefined array key "status" in C:\\xampp\\htdocs\\Kasibite\\admin.php on line 191
[Wed Jun 10 15:19:10.754534 2026] [php:warn] [pid 2660:tid 1884] [client ::1:52855] PHP Warning:  Undefined array key "full_name" in C:\\xampp\\htdocs\\Kasibite\\admin.php on line 186
[Wed Jun 10 15:19:10.754534 2026] [php:warn] [pid 2660:tid 1884] [client ::1:52855] PHP Warning:  Undefined array key "status" in C:\\xampp\\htdocs\\Kasibite\\admin.php on line 191
[Wed Jun 10 15:19:10.754534 2026] [php:warn] [pid 2660:tid 1884] [client ::1:52855] PHP Warning:  Undefined array key "full_name" in C:\\xampp\\htdocs\\Kasibite\\admin.php on line 186
[Wed Jun 10 15:19:10.754534 2026] [php:warn] [pid 2660:tid 1884] [client ::1:52855] PHP Warning:  Undefined array key "status" in C:\\xampp\\htdocs\\Kasibite\\admin.php on line 191
[Wed Jun 10 15:19:10.754534 2026] [php:warn] [pid 2660:tid 1884] [client ::1:52855] PHP Warning:  Undefined array key "full_name" in C:\\xampp\\htdocs\\Kasibite\\admin.php on line 186
[Wed Jun 10 15:19:10.754534 2026] [php:warn] [pid 2660:tid 1884] [client ::1:52855] PHP Warning:  Undefined array key "status" in C:\\xampp\\htdocs\\Kasibite\\admin.php on line 191
[Wed Jun 10 15:19:10.754534 2026] [php:warn] [pid 2660:tid 1884] [client ::1:52855] PHP Warning:  Undefined array key "full_name" in C:\\xampp\\htdocs\\Kasibite\\admin.php on line 186
[Wed Jun 10 15:19:10.754534 2026] [php:warn] [pid 2660:tid 1884] [client ::1:52855] PHP Warning:  Undefined array key "status" in C:\\xampp\\htdocs\\Kasibite\\admin.php on line 191
[Wed Jun 10 15:19:10.755544 2026] [php:warn] [pid 2660:tid 1884] [client ::1:52855] PHP Warning:  Undefined array key "full_name" in C:\\xampp\\htdocs\\Kasibite\\admin.php on line 186
[Wed Jun 10 15:19:10.755544 2026] [php:warn] [pid 2660:tid 1884] [client ::1:52855] PHP Warning:  Undefined array key "status" in C:\\xampp\\htdocs\\Kasibite\\admin.php on line 191
[Wed Jun 10 15:19:10.755544 2026] [php:warn] [pid 2660:tid 1884] [client ::1:52855] PHP Warning:  Undefined array key "full_name" in C:\\xampp\\htdocs\\Kasibite\\admin.php on line 186
[Wed Jun 10 15:19:10.755544 2026] [php:warn] [pid 2660:tid 1884] [client ::1:52855] PHP Warning:  Undefined array key "status" in C:\\xampp\\htdocs\\Kasibite\\admin.php on line 191
[Wed Jun 10 15:19:10.755544 2026] [php:warn] [pid 2660:tid 1884] [client ::1:52855] PHP Warning:  Undefined array key "full_name" in C:\\xampp\\htdocs\\Kasibite\\admin.php on line 186
[Wed Jun 10 15:19:10.755544 2026] [php:warn] [pid 2660:tid 1884] [client ::1:52855] PHP Warning:  Undefined array key "status" in C:\\xampp\\htdocs\\Kasibite\\admin.php on line 191
[Wed Jun 10 18:21:09.658978 2026] [php:warn] [pid 2660:tid 1908] [client ::1:55320] PHP Warning:  Undefined array key "status" in C:\\xampp\\htdocs\\Kasibite\\admin.php on line 42
[Wed Jun 10 18:21:09.658978 2026] [php:warn] [pid 2660:tid 1908] [client ::1:55320] PHP Warning:  Undefined array key "status" in C:\\xampp\\htdocs\\Kasibite\\admin.php on line 42
[Wed Jun 10 18:21:09.658978 2026] [php:warn] [pid 2660:tid 1908] [client ::1:55320] PHP Warning:  Undefined array key "status" in C:\\xampp\\htdocs\\Kasibite\\admin.php on line 42
[Wed Jun 10 18:21:09.658978 2026] [php:warn] [pid 2660:tid 1908] [client ::1:55320] PHP Warning:  Undefined array key "status" in C:\\xampp\\htdocs\\Kasibite\\admin.php on line 42
[Wed Jun 10 18:21:09.658978 2026] [php:warn] [pid 2660:tid 1908] [client ::1:55320] PHP Warning:  Undefined array key "status" in C:\\xampp\\htdocs\\Kasibite\\admin.php on line 42
[Wed Jun 10 18:21:09.658978 2026] [php:warn] [pid 2660:tid 1908] [client ::1:55320] PHP Warning:  Undefined array key "full_name" in C:\\xampp\\htdocs\\Kasibite\\admin.php on line 186
[Wed Jun 10 18:21:09.658978 2026] [php:warn] [pid 2660:tid 1908] [client ::1:55320] PHP Warning:  Undefined array key "status" in C:\\xampp\\htdocs\\Kasibite\\admin.php on line 191
[Wed Jun 10 18:21:09.658978 2026] [php:warn] [pid 2660:tid 1908] [client ::1:55320] PHP Warning:  Undefined array key "full_name" in C:\\xampp\\htdocs\\Kasibite\\admin.php on line 186
[Wed Jun 10 18:21:09.658978 2026] [php:warn] [pid 2660:tid 1908] [client ::1:55320] PHP Warning:  Undefined array key "status" in C:\\xampp\\htdocs\\Kasibite\\admin.php on line 191
[Wed Jun 10 18:21:09.658978 2026] [php:warn] [pid 2660:tid 1908] [client ::1:55320] PHP Warning:  Undefined array key "full_name" in C:\\xampp\\htdocs\\Kasibite\\admin.php on line 186
[Wed Jun 10 18:21:09.666674 2026] [php:warn] [pid 2660:tid 1908] [client ::1:55320] PHP Warning:  Undefined array key "status" in C:\\xampp\\htdocs\\Kasibite\\admin.php on line 191
[Wed Jun 10 18:21:09.666674 2026] [php:warn] [pid 2660:tid 1908] [client ::1:55320] PHP Warning:  Undefined array key "full_name" in C:\\xampp\\htdocs\\Kasibite\\admin.php on line 186
[Wed Jun 10 18:21:09.666674 2026] [php:warn] [pid 2660:tid 1908] [client ::1:55320] PHP Warning:  Undefined array key "status" in C:\\xampp\\htdocs\\Kasibite\\admin.php on line 191
[Wed Jun 10 18:21:09.666674 2026] [php:warn] [pid 2660:tid 1908] [client ::1:55320] PHP Warning:  Undefined array key "full_name" in C:\\xampp\\htdocs\\Kasibite\\admin.php on line 186
[Wed Jun 10 18:21:09.666674 2026] [php:warn] [pid 2660:tid 1908] [client ::1:55320] PHP Warning:  Undefined array key "status" in C:\\xampp\\htdocs\\Kasibite\\admin.php on line 191
[Wed Jun 10 18:21:09.666674 2026] [php:warn] [pid 2660:tid 1908] [client ::1:55320] PHP Warning:  Undefined array key "full_name" in C:\\xampp\\htdocs\\Kasibite\\admin.php on line 186
[Wed Jun 10 18:21:09.666674 2026] [php:warn] [pid 2660:tid 1908] [client ::1:55320] PHP Warning:  Undefined array key "status" in C:\\xampp\\htdocs\\Kasibite\\admin.php on line 191
[Wed Jun 10 18:21:09.666674 2026] [php:warn] [pid 2660:tid 1908] [client ::1:55320] PHP Warning:  Undefined array key "full_name" in C:\\xampp\\htdocs\\Kasibite\\admin.php on line 186
[Wed Jun 10 18:21:09.669948 2026] [php:warn] [pid 2660:tid 1908] [client ::1:55320] PHP Warning:  Undefined array key "status" in C:\\xampp\\htdocs\\Kasibite\\admin.php on line 191
[Wed Jun 10 18:21:09.669948 2026] [php:warn] [pid 2660:tid 1908] [client ::1:55320] PHP Warning:  Undefined array key "full_name" in C:\\xampp\\htdocs\\Kasibite\\admin.php on line 186
[Wed Jun 10 18:21:09.669948 2026] [php:warn] [pid 2660:tid 1908] [client ::1:55320] PHP Warning:  Undefined array key "status" in C:\\xampp\\htdocs\\Kasibite\\admin.php on line 191
[Wed Jun 10 18:21:09.670670 2026] [php:warn] [pid 2660:tid 1908] [client ::1:55320] PHP Warning:  Undefined array key "full_name" in C:\\xampp\\htdocs\\Kasibite\\admin.php on line 186
[Wed Jun 10 18:21:09.670670 2026] [php:warn] [pid 2660:tid 1908] [client ::1:55320] PHP Warning:  Undefined array key "status" in C:\\xampp\\htdocs\\Kasibite\\admin.php on line 191
[Wed Jun 10 18:21:17.604039 2026] [php:warn] [pid 2660:tid 1884] [client ::1:65065] PHP Warning:  Undefined array key "status" in C:\\xampp\\htdocs\\Kasibite\\admin.php on line 42
[Wed Jun 10 18:21:17.604039 2026] [php:warn] [pid 2660:tid 1884] [client ::1:65065] PHP Warning:  Undefined array key "status" in C:\\xampp\\htdocs\\Kasibite\\admin.php on line 42
[Wed Jun 10 18:21:17.604039 2026] [php:warn] [pid 2660:tid 1884] [client ::1:65065] PHP Warning:  Undefined array key "status" in C:\\xampp\\htdocs\\Kasibite\\admin.php on line 42
[Wed Jun 10 18:21:17.604039 2026] [php:warn] [pid 2660:tid 1884] [client ::1:65065] PHP Warning:  Undefined array key "status" in C:\\xampp\\htdocs\\Kasibite\\admin.php on line 42
[Wed Jun 10 18:21:17.605651 2026] [php:warn] [pid 2660:tid 1884] [client ::1:65065] PHP Warning:  Undefined array key "status" in C:\\xampp\\htdocs\\Kasibite\\admin.php on line 42
[Wed Jun 10 18:21:17.605651 2026] [php:warn] [pid 2660:tid 1884] [client ::1:65065] PHP Warning:  Undefined array key "full_name" in C:\\xampp\\htdocs\\Kasibite\\admin.php on line 186
[Wed Jun 10 18:21:17.605651 2026] [php:warn] [pid 2660:tid 1884] [client ::1:65065] PHP Warning:  Undefined array key "status" in C:\\xampp\\htdocs\\Kasibite\\admin.php on line 191
[Wed Jun 10 18:21:17.605651 2026] [php:warn] [pid 2660:tid 1884] [client ::1:65065] PHP Warning:  Undefined array key "full_name" in C:\\xampp\\htdocs\\Kasibite\\admin.php on line 186
[Wed Jun 10 18:21:17.605651 2026] [php:warn] [pid 2660:tid 1884] [client ::1:65065] PHP Warning:  Undefined array key "status" in C:\\xampp\\htdocs\\Kasibite\\admin.php on line 191
[Wed Jun 10 18:21:17.605651 2026] [php:warn] [pid 2660:tid 1884] [client ::1:65065] PHP Warning:  Undefined array key "full_name" in C:\\xampp\\htdocs\\Kasibite\\admin.php on line 186
[Wed Jun 10 18:21:17.605651 2026] [php:warn] [pid 2660:tid 1884] [client ::1:65065] PHP Warning:  Undefined array key "status" in C:\\xampp\\htdocs\\Kasibite\\admin.php on line 191
[Wed Jun 10 18:21:17.605651 2026] [php:warn] [pid 2660:tid 1884] [client ::1:65065] PHP Warning:  Undefined array key "full_name" in C:\\xampp\\htdocs\\Kasibite\\admin.php on line 186
[Wed Jun 10 18:21:17.605651 2026] [php:warn] [pid 2660:tid 1884] [client ::1:65065] PHP Warning:  Undefined array key "status" in C:\\xampp\\htdocs\\Kasibite\\admin.php on line 191
[Wed Jun 10 18:21:17.605651 2026] [php:warn] [pid 2660:tid 1884] [client ::1:65065] PHP Warning:  Undefined array key "full_name" in C:\\xampp\\htdocs\\Kasibite\\admin.php on line 186
[Wed Jun 10 18:21:17.605651 2026] [php:warn] [pid 2660:tid 1884] [client ::1:65065] PHP Warning:  Undefined array key "status" in C:\\xampp\\htdocs\\Kasibite\\admin.php on line 191
[Wed Jun 10 18:21:17.605651 2026] [php:warn] [pid 2660:tid 1884] [client ::1:65065] PHP Warning:  Undefined array key "full_name" in C:\\xampp\\htdocs\\Kasibite\\admin.php on line 186
[Wed Jun 10 18:21:17.605651 2026] [php:warn] [pid 2660:tid 1884] [client ::1:65065] PHP Warning:  Undefined array key "status" in C:\\xampp\\htdocs\\Kasibite\\admin.php on line 191
[Wed Jun 10 18:21:17.605651 2026] [php:warn] [pid 2660:tid 1884] [client ::1:65065] PHP Warning:  Undefined array key "full_name" in C:\\xampp\\htdocs\\Kasibite\\admin.php on line 186
[Wed Jun 10 18:21:17.605651 2026] [php:warn] [pid 2660:tid 1884] [client ::1:65065] PHP Warning:  Undefined array key "status" in C:\\xampp\\htdocs\\Kasibite\\admin.php on line 191
[Wed Jun 10 18:21:17.605651 2026] [php:warn] [pid 2660:tid 1884] [client ::1:65065] PHP Warning:  Undefined array key "full_name" in C:\\xampp\\htdocs\\Kasibite\\admin.php on line 186
[Wed Jun 10 18:21:17.605651 2026] [php:warn] [pid 2660:tid 1884] [client ::1:65065] PHP Warning:  Undefined array key "status" in C:\\xampp\\htdocs\\Kasibite\\admin.php on line 191
[Wed Jun 10 18:21:17.605651 2026] [php:warn] [pid 2660:tid 1884] [client ::1:65065] PHP Warning:  Undefined array key "full_name" in C:\\xampp\\htdocs\\Kasibite\\admin.php on line 186
[Wed Jun 10 18:21:17.605651 2026] [php:warn] [pid 2660:tid 1884] [client ::1:65065] PHP Warning:  Undefined array key "status" in C:\\xampp\\htdocs\\Kasibite\\admin.php on line 191
[Wed Jun 10 18:21:31.630934 2026] [php:warn] [pid 2660:tid 1908] [client ::1:58176] PHP Warning:  Undefined array key "status" in C:\\xampp\\htdocs\\Kasibite\\admin.php on line 42
[Wed Jun 10 18:21:31.630934 2026] [php:warn] [pid 2660:tid 1908] [client ::1:58176] PHP Warning:  Undefined array key "status" in C:\\xampp\\htdocs\\Kasibite\\admin.php on line 42
[Wed Jun 10 18:21:31.630934 2026] [php:warn] [pid 2660:tid 1908] [client ::1:58176] PHP Warning:  Undefined array key "status" in C:\\xampp\\htdocs\\Kasibite\\admin.php on line 42
[Wed Jun 10 18:21:31.634558 2026] [php:warn] [pid 2660:tid 1908] [client ::1:58176] PHP Warning:  Undefined array key "status" in C:\\xampp\\htdocs\\Kasibite\\admin.php on line 42
[Wed Jun 10 18:21:31.634904 2026] [php:warn] [pid 2660:tid 1908] [client ::1:58176] PHP Warning:  Undefined array key "status" in C:\\xampp\\htdocs\\Kasibite\\admin.php on line 42
[Wed Jun 10 18:21:31.634904 2026] [php:warn] [pid 2660:tid 1908] [client ::1:58176] PHP Warning:  Undefined array key "full_name" in C:\\xampp\\htdocs\\Kasibite\\admin.php on line 186
[Wed Jun 10 18:21:31.634904 2026] [php:warn] [pid 2660:tid 1908] [client ::1:58176] PHP Warning:  Undefined array key "status" in C:\\xampp\\htdocs\\Kasibite\\admin.php on line 191
[Wed Jun 10 18:21:31.634904 2026] [php:warn] [pid 2660:tid 1908] [client ::1:58176] PHP Warning:  Undefined array key "full_name" in C:\\xampp\\htdocs\\Kasibite\\admin.php on line 186
[Wed Jun 10 18:21:31.634904 2026] [php:warn] [pid 2660:tid 1908] [client ::1:58176] PHP Warning:  Undefined array key "status" in C:\\xampp\\htdocs\\Kasibite\\admin.php on line 191
[Wed Jun 10 18:21:31.634904 2026] [php:warn] [pid 2660:tid 1908] [client ::1:58176] PHP Warning:  Undefined array key "full_name" in C:\\xampp\\htdocs\\Kasibite\\admin.php on line 186
[Wed Jun 10 18:21:31.634904 2026] [php:warn] [pid 2660:tid 1908] [client ::1:58176] PHP Warning:  Undefined array key "status" in C:\\xampp\\htdocs\\Kasibite\\admin.php on line 191
[Wed Jun 10 18:21:31.634904 2026] [php:warn] [pid 2660:tid 1908] [client ::1:58176] PHP Warning:  Undefined array key "full_name" in C:\\xampp\\htdocs\\Kasibite\\admin.php on line 186
[Wed Jun 10 18:21:31.634904 2026] [php:warn] [pid 2660:tid 1908] [client ::1:58176] PHP Warning:  Undefined array key "status" in C:\\xampp\\htdocs\\Kasibite\\admin.php on line 191
[Wed Jun 10 18:21:31.634904 2026] [php:warn] [pid 2660:tid 1908] [client ::1:58176] PHP Warning:  Undefined array key "full_name" in C:\\xampp\\htdocs\\Kasibite\\admin.php on line 186
[Wed Jun 10 18:21:31.637587 2026] [php:warn] [pid 2660:tid 1908] [client ::1:58176] PHP Warning:  Undefined array key "status" in C:\\xampp\\htdocs\\Kasibite\\admin.php on line 191
[Wed Jun 10 18:21:31.637587 2026] [php:warn] [pid 2660:tid 1908] [client ::1:58176] PHP Warning:  Undefined array key "full_name" in C:\\xampp\\htdocs\\Kasibite\\admin.php on line 186
[Wed Jun 10 18:21:31.637587 2026] [php:warn] [pid 2660:tid 1908] [client ::1:58176] PHP Warning:  Undefined array key "status" in C:\\xampp\\htdocs\\Kasibite\\admin.php on line 191
[Wed Jun 10 18:21:31.637587 2026] [php:warn] [pid 2660:tid 1908] [client ::1:58176] PHP Warning:  Undefined array key "full_name" in C:\\xampp\\htdocs\\Kasibite\\admin.php on line 186
[Wed Jun 10 18:21:31.637587 2026] [php:warn] [pid 2660:tid 1908] [client ::1:58176] PHP Warning:  Undefined array key "status" in C:\\xampp\\htdocs\\Kasibite\\admin.php on line 191
[Wed Jun 10 18:21:31.637587 2026] [php:warn] [pid 2660:tid 1908] [client ::1:58176] PHP Warning:  Undefined array key "full_name" in C:\\xampp\\htdocs\\Kasibite\\admin.php on line 186
[Wed Jun 10 18:21:31.637587 2026] [php:warn] [pid 2660:tid 1908] [client ::1:58176] PHP Warning:  Undefined array key "status" in C:\\xampp\\htdocs\\Kasibite\\admin.php on line 191
[Wed Jun 10 18:21:31.639848 2026] [php:warn] [pid 2660:tid 1908] [client ::1:58176] PHP Warning:  Undefined array key "full_name" in C:\\xampp\\htdocs\\Kasibite\\admin.php on line 186
[Wed Jun 10 18:21:31.639848 2026] [php:warn] [pid 2660:tid 1908] [client ::1:58176] PHP Warning:  Undefined array key "status" in C:\\xampp\\htdocs\\Kasibite\\admin.php on line 191
[Wed Jun 10 18:21:32.802172 2026] [php:warn] [pid 2660:tid 1908] [client ::1:58176] PHP Warning:  Undefined array key "status" in C:\\xampp\\htdocs\\Kasibite\\admin.php on line 42
[Wed Jun 10 18:21:32.802172 2026] [php:warn] [pid 2660:tid 1908] [client ::1:58176] PHP Warning:  Undefined array key "status" in C:\\xampp\\htdocs\\Kasibite\\admin.php on line 42
[Wed Jun 10 18:21:32.802172 2026] [php:warn] [pid 2660:tid 1908] [client ::1:58176] PHP Warning:  Undefined array key "status" in C:\\xampp\\htdocs\\Kasibite\\admin.php on line 42
[Wed Jun 10 18:21:32.802172 2026] [php:warn] [pid 2660:tid 1908] [client ::1:58176] PHP Warning:  Undefined array key "status" in C:\\xampp\\htdocs\\Kasibite\\admin.php on line 42
[Wed Jun 10 18:21:32.803262 2026] [php:warn] [pid 2660:tid 1908] [client ::1:58176] PHP Warning:  Undefined array key "status" in C:\\xampp\\htdocs\\Kasibite\\admin.php on line 42
[Wed Jun 10 18:21:32.803262 2026] [php:warn] [pid 2660:tid 1908] [client ::1:58176] PHP Warning:  Undefined array key "full_name" in C:\\xampp\\htdocs\\Kasibite\\admin.php on line 186
[Wed Jun 10 18:21:32.803262 2026] [php:warn] [pid 2660:tid 1908] [client ::1:58176] PHP Warning:  Undefined array key "status" in C:\\xampp\\htdocs\\Kasibite\\admin.php on line 191
[Wed Jun 10 18:21:32.803262 2026] [php:warn] [pid 2660:tid 1908] [client ::1:58176] PHP Warning:  Undefined array key "full_name" in C:\\xampp\\htdocs\\Kasibite\\admin.php on line 186
[Wed Jun 10 18:21:32.805389 2026] [php:warn] [pid 2660:tid 1908] [client ::1:58176] PHP Warning:  Undefined array key "status" in C:\\xampp\\htdocs\\Kasibite\\admin.php on line 191
[Wed Jun 10 18:21:32.805389 2026] [php:warn] [pid 2660:tid 1908] [client ::1:58176] PHP Warning:  Undefined array key "full_name" in C:\\xampp\\htdocs\\Kasibite\\admin.php on line 186
[Wed Jun 10 18:21:32.805389 2026] [php:warn] [pid 2660:tid 1908] [client ::1:58176] PHP Warning:  Undefined array key "status" in C:\\xampp\\htdocs\\Kasibite\\admin.php on line 191
[Wed Jun 10 18:21:32.807407 2026] [php:warn] [pid 2660:tid 1908] [client ::1:58176] PHP Warning:  Undefined array key "full_name" in C:\\xampp\\htdocs\\Kasibite\\admin.php on line 186
[Wed Jun 10 18:21:32.807407 2026] [php:warn] [pid 2660:tid 1908] [client ::1:58176] PHP Warning:  Undefined array key "status" in C:\\xampp\\htdocs\\Kasibite\\admin.php on line 191
[Wed Jun 10 18:21:32.807407 2026] [php:warn] [pid 2660:tid 1908] [client ::1:58176] PHP Warning:  Undefined array key "full_name" in C:\\xampp\\htdocs\\Kasibite\\admin.php on line 186
[Wed Jun 10 18:21:32.807407 2026] [php:warn] [pid 2660:tid 1908] [client ::1:58176] PHP Warning:  Undefined array key "status" in C:\\xampp\\htdocs\\Kasibite\\admin.php on line 191
[Wed Jun 10 18:21:32.809543 2026] [php:warn] [pid 2660:tid 1908] [client ::1:58176] PHP Warning:  Undefined array key "full_name" in C:\\xampp\\htdocs\\Kasibite\\admin.php on line 186
[Wed Jun 10 18:21:32.809543 2026] [php:warn] [pid 2660:tid 1908] [client ::1:58176] PHP Warning:  Undefined array key "status" in C:\\xampp\\htdocs\\Kasibite\\admin.php on line 191
[Wed Jun 10 18:21:32.809543 2026] [php:warn] [pid 2660:tid 1908] [client ::1:58176] PHP Warning:  Undefined array key "full_name" in C:\\xampp\\htdocs\\Kasibite\\admin.php on line 186
[Wed Jun 10 18:21:32.809543 2026] [php:warn] [pid 2660:tid 1908] [client ::1:58176] PHP Warning:  Undefined array key "status" in C:\\xampp\\htdocs\\Kasibite\\admin.php on line 191
[Wed Jun 10 18:21:32.809543 2026] [php:warn] [pid 2660:tid 1908] [client ::1:58176] PHP Warning:  Undefined array key "full_name" in C:\\xampp\\htdocs\\Kasibite\\admin.php on line 186
[Wed Jun 10 18:21:32.809543 2026] [php:warn] [pid 2660:tid 1908] [client ::1:58176] PHP Warning:  Undefined array key "status" in C:\\xampp\\htdocs\\Kasibite\\admin.php on line 191
[Wed Jun 10 18:21:32.811551 2026] [php:warn] [pid 2660:tid 1908] [client ::1:58176] PHP Warning:  Undefined array key "full_name" in C:\\xampp\\htdocs\\Kasibite\\admin.php on line 186
[Wed Jun 10 18:21:32.811551 2026] [php:warn] [pid 2660:tid 1908] [client ::1:58176] PHP Warning:  Undefined array key "status" in C:\\xampp\\htdocs\\Kasibite\\admin.php on line 191
[Wed Jun 10 18:21:34.028002 2026] [php:warn] [pid 2660:tid 1908] [client ::1:58176] PHP Warning:  Undefined array key "status" in C:\\xampp\\htdocs\\Kasibite\\admin.php on line 42, referer: http://localhost/kasibite/admin.php
[Wed Jun 10 18:21:34.028002 2026] [php:warn] [pid 2660:tid 1908] [client ::1:58176] PHP Warning:  Undefined array key "status" in C:\\xampp\\htdocs\\Kasibite\\admin.php on line 42, referer: http://localhost/kasibite/admin.php
[Wed Jun 10 18:21:34.028002 2026] [php:warn] [pid 2660:tid 1908] [client ::1:58176] PHP Warning:  Undefined array key "status" in C:\\xampp\\htdocs\\Kasibite\\admin.php on line 42, referer: http://localhost/kasibite/admin.php
[Wed Jun 10 18:21:34.028002 2026] [php:warn] [pid 2660:tid 1908] [client ::1:58176] PHP Warning:  Undefined array key "status" in C:\\xampp\\htdocs\\Kasibite\\admin.php on line 42, referer: http://localhost/kasibite/admin.php
[Wed Jun 10 18:21:34.028002 2026] [php:warn] [pid 2660:tid 1908] [client ::1:58176] PHP Warning:  Undefined array key "status" in C:\\xampp\\htdocs\\Kasibite\\admin.php on line 42, referer: http://localhost/kasibite/admin.php
[Wed Jun 10 18:21:34.028002 2026] [php:warn] [pid 2660:tid 1908] [client ::1:58176] PHP Warning:  Undefined array key "full_name" in C:\\xampp\\htdocs\\Kasibite\\admin.php on line 186, referer: http://localhost/kasibite/admin.php
[Wed Jun 10 18:21:34.028002 2026] [php:warn] [pid 2660:tid 1908] [client ::1:58176] PHP Warning:  Undefined array key "status" in C:\\xampp\\htdocs\\Kasibite\\admin.php on line 191, referer: http://localhost/kasibite/admin.php
[Wed Jun 10 18:21:34.028002 2026] [php:warn] [pid 2660:tid 1908] [client ::1:58176] PHP Warning:  Undefined array key "full_name" in C:\\xampp\\htdocs\\Kasibite\\admin.php on line 186, referer: http://localhost/kasibite/admin.php
[Wed Jun 10 18:21:34.028002 2026] [php:warn] [pid 2660:tid 1908] [client ::1:58176] PHP Warning:  Undefined array key "status" in C:\\xampp\\htdocs\\Kasibite\\admin.php on line 191, referer: http://localhost/kasibite/admin.php
[Wed Jun 10 18:21:34.028002 2026] [php:warn] [pid 2660:tid 1908] [client ::1:58176] PHP Warning:  Undefined array key "full_name" in C:\\xampp\\htdocs\\Kasibite\\admin.php on line 186, referer: http://localhost/kasibite/admin.php
[Wed Jun 10 18:21:34.028002 2026] [php:warn] [pid 2660:tid 1908] [client ::1:58176] PHP Warning:  Undefined array key "status" in C:\\xampp\\htdocs\\Kasibite\\admin.php on line 191, referer: http://localhost/kasibite/admin.php
[Wed Jun 10 18:21:34.028002 2026] [php:warn] [pid 2660:tid 1908] [client ::1:58176] PHP Warning:  Undefined array key "full_name" in C:\\xampp\\htdocs\\Kasibite\\admin.php on line 186, referer: http://localhost/kasibite/admin.php
[Wed Jun 10 18:21:34.028002 2026] [php:warn] [pid 2660:tid 1908] [client ::1:58176] PHP Warning:  Undefined array key "status" in C:\\xampp\\htdocs\\Kasibite\\admin.php on line 191, referer: http://localhost/kasibite/admin.php
[Wed Jun 10 18:21:34.036385 2026] [php:warn] [pid 2660:tid 1908] [client ::1:58176] PHP Warning:  Undefined array key "full_name" in C:\\xampp\\htdocs\\Kasibite\\admin.php on line 186, referer: http://localhost/kasibite/admin.php
[Wed Jun 10 18:21:34.036385 2026] [php:warn] [pid 2660:tid 1908] [client ::1:58176] PHP Warning:  Undefined array key "status" in C:\\xampp\\htdocs\\Kasibite\\admin.php on line 191, referer: http://localhost/kasibite/admin.php
[Wed Jun 10 18:21:34.036385 2026] [php:warn] [pid 2660:tid 1908] [client ::1:58176] PHP Warning:  Undefined array key "full_name" in C:\\xampp\\htdocs\\Kasibite\\admin.php on line 186, referer: http://localhost/kasibite/admin.php
[Wed Jun 10 18:21:34.038401 2026] [php:warn] [pid 2660:tid 1908] [client ::1:58176] PHP Warning:  Undefined array key "status" in C:\\xampp\\htdocs\\Kasibite\\admin.php on line 191, referer: http://localhost/kasibite/admin.php
[Wed Jun 10 18:21:34.038401 2026] [php:warn] [pid 2660:tid 1908] [client ::1:58176] PHP Warning:  Undefined array key "full_name" in C:\\xampp\\htdocs\\Kasibite\\admin.php on line 186, referer: http://localhost/kasibite/admin.php
[Wed Jun 10 18:21:34.038401 2026] [php:warn] [pid 2660:tid 1908] [client ::1:58176] PHP Warning:  Undefined array key "status" in C:\\xampp\\htdocs\\Kasibite\\admin.php on line 191, referer: http://localhost/kasibite/admin.php
[Wed Jun 10 18:21:34.038401 2026] [php:warn] [pid 2660:tid 1908] [client ::1:58176] PHP Warning:  Undefined array key "full_name" in C:\\xampp\\htdocs\\Kasibite\\admin.php on line 186, referer: http://localhost/kasibite/admin.php
[Wed Jun 10 18:21:34.040410 2026] [php:warn] [pid 2660:tid 1908] [client ::1:58176] PHP Warning:  Undefined array key "status" in C:\\xampp\\htdocs\\Kasibite\\admin.php on line 191, referer: http://localhost/kasibite/admin.php
[Wed Jun 10 18:21:34.040410 2026] [php:warn] [pid 2660:tid 1908] [client ::1:58176] PHP Warning:  Undefined array key "full_name" in C:\\xampp\\htdocs\\Kasibite\\admin.php on line 186, referer: http://localhost/kasibite/admin.php
[Wed Jun 10 18:21:34.040410 2026] [php:warn] [pid 2660:tid 1908] [client ::1:58176] PHP Warning:  Undefined array key "status" in C:\\xampp\\htdocs\\Kasibite\\admin.php on line 191, referer: http://localhost/kasibite/admin.php
[Wed Jun 10 18:21:37.387119 2026] [php:warn] [pid 2660:tid 1908] [client ::1:58176] PHP Warning:  Undefined array key "status" in C:\\xampp\\htdocs\\Kasibite\\admin.php on line 42, referer: http://localhost/kasibite/admin.php
[Wed Jun 10 18:21:37.387604 2026] [php:warn] [pid 2660:tid 1908] [client ::1:58176] PHP Warning:  Undefined array key "status" in C:\\xampp\\htdocs\\Kasibite\\admin.php on line 42, referer: http://localhost/kasibite/admin.php
[Wed Jun 10 18:21:37.387604 2026] [php:warn] [pid 2660:tid 1908] [client ::1:58176] PHP Warning:  Undefined array key "status" in C:\\xampp\\htdocs\\Kasibite\\admin.php on line 42, referer: http://localhost/kasibite/admin.php
[Wed Jun 10 18:21:37.387604 2026] [php:warn] [pid 2660:tid 1908] [client ::1:58176] PHP Warning:  Undefined array key "status" in C:\\xampp\\htdocs\\Kasibite\\admin.php on line 42, referer: http://localhost/kasibite/admin.php
[Wed Jun 10 18:21:37.387604 2026] [php:warn] [pid 2660:tid 1908] [client ::1:58176] PHP Warning:  Undefined array key "status" in C:\\xampp\\htdocs\\Kasibite\\admin.php on line 42, referer: http://localhost/kasibite/admin.php
[Wed Jun 10 18:21:37.387604 2026] [php:warn] [pid 2660:tid 1908] [client ::1:58176] PHP Warning:  Undefined array key "full_name" in C:\\xampp\\htdocs\\Kasibite\\admin.php on line 186, referer: http://localhost/kasibite/admin.php
[Wed Jun 10 18:21:37.387604 2026] [php:warn] [pid 2660:tid 1908] [client ::1:58176] PHP Warning:  Undefined array key "status" in C:\\xampp\\htdocs\\Kasibite\\admin.php on line 191, referer: http://localhost/kasibite/admin.php
[Wed Jun 10 18:21:37.387604 2026] [php:warn] [pid 2660:tid 1908] [client ::1:58176] PHP Warning:  Undefined array key "full_name" in C:\\xampp\\htdocs\\Kasibite\\admin.php on line 186, referer: http://localhost/kasibite/admin.php
[Wed Jun 10 18:21:37.387604 2026] [php:warn] [pid 2660:tid 1908] [client ::1:58176] PHP Warning:  Undefined array key "status" in C:\\xampp\\htdocs\\Kasibite\\admin.php on line 191, referer: http://localhost/kasibite/admin.php
[Wed Jun 10 18:21:37.387604 2026] [php:warn] [pid 2660:tid 1908] [client ::1:58176] PHP Warning:  Undefined array key "full_name" in C:\\xampp\\htdocs\\Kasibite\\admin.php on line 186, referer: http://localhost/kasibite/admin.php
[Wed Jun 10 18:21:37.387604 2026] [php:warn] [pid 2660:tid 1908] [client ::1:58176] PHP Warning:  Undefined array key "status" in C:\\xampp\\htdocs\\Kasibite\\admin.php on line 191, referer: http://localhost/kasibite/admin.php
[Wed Jun 10 18:21:37.387604 2026] [php:warn] [pid 2660:tid 1908] [client ::1:58176] PHP Warning:  Undefined array key "full_name" in C:\\xampp\\htdocs\\Kasibite\\admin.php on line 186, referer: http://localhost/kasibite/admin.php
[Wed Jun 10 18:21:37.387604 2026] [php:warn] [pid 2660:tid 1908] [client ::1:58176] PHP Warning:  Undefined array key "status" in C:\\xampp\\htdocs\\Kasibite\\admin.php on line 191, referer: http://localhost/kasibite/admin.php
[Wed Jun 10 18:21:37.387604 2026] [php:warn] [pid 2660:tid 1908] [client ::1:58176] PHP Warning:  Undefined array key "full_name" in C:\\xampp\\htdocs\\Kasibite\\admin.php on line 186, referer: http://localhost/kasibite/admin.php
[Wed Jun 10 18:21:37.387604 2026] [php:warn] [pid 2660:tid 1908] [client ::1:58176] PHP Warning:  Undefined array key "status" in C:\\xampp\\htdocs\\Kasibite\\admin.php on line 191, referer: http://localhost/kasibite/admin.php
[Wed Jun 10 18:21:37.387604 2026] [php:warn] [pid 2660:tid 1908] [client ::1:58176] PHP Warning:  Undefined array key "full_name" in C:\\xampp\\htdocs\\Kasibite\\admin.php on line 186, referer: http://localhost/kasibite/admin.php
[Wed Jun 10 18:21:37.387604 2026] [php:warn] [pid 2660:tid 1908] [client ::1:58176] PHP Warning:  Undefined array key "status" in C:\\xampp\\htdocs\\Kasibite\\admin.php on line 191, referer: http://localhost/kasibite/admin.php
[Wed Jun 10 18:21:37.387604 2026] [php:warn] [pid 2660:tid 1908] [client ::1:58176] PHP Warning:  Undefined array key "full_name" in C:\\xampp\\htdocs\\Kasibite\\admin.php on line 186, referer: http://localhost/kasibite/admin.php
[Wed Jun 10 18:21:37.387604 2026] [php:warn] [pid 2660:tid 1908] [client ::1:58176] PHP Warning:  Undefined array key "status" in C:\\xampp\\htdocs\\Kasibite\\admin.php on line 191, referer: http://localhost/kasibite/admin.php
[Wed Jun 10 18:21:37.387604 2026] [php:warn] [pid 2660:tid 1908] [client ::1:58176] PHP Warning:  Undefined array key "full_name" in C:\\xampp\\htdocs\\Kasibite\\admin.php on line 186, referer: http://localhost/kasibite/admin.php
[Wed Jun 10 18:21:37.387604 2026] [php:warn] [pid 2660:tid 1908] [client ::1:58176] PHP Warning:  Undefined array key "status" in C:\\xampp\\htdocs\\Kasibite\\admin.php on line 191, referer: http://localhost/kasibite/admin.php
[Wed Jun 10 18:21:37.387604 2026] [php:warn] [pid 2660:tid 1908] [client ::1:58176] PHP Warning:  Undefined array key "full_name" in C:\\xampp\\htdocs\\Kasibite\\admin.php on line 186, referer: http://localhost/kasibite/admin.php
[Wed Jun 10 18:21:37.387604 2026] [php:warn] [pid 2660:tid 1908] [client ::1:58176] PHP Warning:  Undefined array key "status" in C:\\xampp\\htdocs\\Kasibite\\admin.php on line 191, referer: http://localhost/kasibite/admin.php
[Wed Jun 10 18:21:38.818367 2026] [php:warn] [pid 2660:tid 1908] [client ::1:58176] PHP Warning:  Undefined array key "status" in C:\\xampp\\htdocs\\Kasibite\\admin.php on line 42, referer: http://localhost/kasibite/admin.php
[Wed Jun 10 18:21:38.818367 2026] [php:warn] [pid 2660:tid 1908] [client ::1:58176] PHP Warning:  Undefined array key "status" in C:\\xampp\\htdocs\\Kasibite\\admin.php on line 42, referer: http://localhost/kasibite/admin.php
[Wed Jun 10 18:21:38.818367 2026] [php:warn] [pid 2660:tid 1908] [client ::1:58176] PHP Warning:  Undefined array key "status" in C:\\xampp\\htdocs\\Kasibite\\admin.php on line 42, referer: http://localhost/kasibite/admin.php
[Wed Jun 10 18:21:38.818367 2026] [php:warn] [pid 2660:tid 1908] [client ::1:58176] PHP Warning:  Undefined array key "status" in C:\\xampp\\htdocs\\Kasibite\\admin.php on line 42, referer: http://localhost/kasibite/admin.php
[Wed Jun 10 18:21:38.818367 2026] [php:warn] [pid 2660:tid 1908] [client ::1:58176] PHP Warning:  Undefined array key "status" in C:\\xampp\\htdocs\\Kasibite\\admin.php on line 42, referer: http://localhost/kasibite/admin.php
[Wed Jun 10 18:21:38.818367 2026] [php:warn] [pid 2660:tid 1908] [client ::1:58176] PHP Warning:  Undefined array key "full_name" in C:\\xampp\\htdocs\\Kasibite\\admin.php on line 186, referer: http://localhost/kasibite/admin.php
[Wed Jun 10 18:21:38.818367 2026] [php:warn] [pid 2660:tid 1908] [client ::1:58176] PHP Warning:  Undefined array key "status" in C:\\xampp\\htdocs\\Kasibite\\admin.php on line 191, referer: http://localhost/kasibite/admin.php
[Wed Jun 10 18:21:38.818367 2026] [php:warn] [pid 2660:tid 1908] [client ::1:58176] PHP Warning:  Undefined array key "full_name" in C:\\xampp\\htdocs\\Kasibite\\admin.php on line 186, referer: http://localhost/kasibite/admin.php
[Wed Jun 10 18:21:38.818367 2026] [php:warn] [pid 2660:tid 1908] [client ::1:58176] PHP Warning:  Undefined array key "status" in C:\\xampp\\htdocs\\Kasibite\\admin.php on line 191, referer: http://localhost/kasibite/admin.php
[Wed Jun 10 18:21:38.818367 2026] [php:warn] [pid 2660:tid 1908] [client ::1:58176] PHP Warning:  Undefined array key "full_name" in C:\\xampp\\htdocs\\Kasibite\\admin.php on line 186, referer: http://localhost/kasibite/admin.php
[Wed Jun 10 18:21:38.818367 2026] [php:warn] [pid 2660:tid 1908] [client ::1:58176] PHP Warning:  Undefined array key "status" in C:\\xampp\\htdocs\\Kasibite\\admin.php on line 191, referer: http://localhost/kasibite/admin.php
[Wed Jun 10 18:21:38.818367 2026] [php:warn] [pid 2660:tid 1908] [client ::1:58176] PHP Warning:  Undefined array key "full_name" in C:\\xampp\\htdocs\\Kasibite\\admin.php on line 186, referer: http://localhost/kasibite/admin.php
[Wed Jun 10 18:21:38.818367 2026] [php:warn] [pid 2660:tid 1908] [client ::1:58176] PHP Warning:  Undefined array key "status" in C:\\xampp\\htdocs\\Kasibite\\admin.php on line 191, referer: http://localhost/kasibite/admin.php
[Wed Jun 10 18:21:38.818367 2026] [php:warn] [pid 2660:tid 1908] [client ::1:58176] PHP Warning:  Undefined array key "full_name" in C:\\xampp\\htdocs\\Kasibite\\admin.php on line 186, referer: http://localhost/kasibite/admin.php
[Wed Jun 10 18:21:38.818367 2026] [php:warn] [pid 2660:tid 1908] [client ::1:58176] PHP Warning:  Undefined array key "status" in C:\\xampp\\htdocs\\Kasibite\\admin.php on line 191, referer: http://localhost/kasibite/admin.php
[Wed Jun 10 18:21:38.818367 2026] [php:warn] [pid 2660:tid 1908] [client ::1:58176] PHP Warning:  Undefined array key "full_name" in C:\\xampp\\htdocs\\Kasibite\\admin.php on line 186, referer: http://localhost/kasibite/admin.php
[Wed Jun 10 18:21:38.818367 2026] [php:warn] [pid 2660:tid 1908] [client ::1:58176] PHP Warning:  Undefined array key "status" in C:\\xampp\\htdocs\\Kasibite\\admin.php on line 191, referer: http://localhost/kasibite/admin.php
[Wed Jun 10 18:21:38.818367 2026] [php:warn] [pid 2660:tid 1908] [client ::1:58176] PHP Warning:  Undefined array key "full_name" in C:\\xampp\\htdocs\\Kasibite\\admin.php on line 186, referer: http://localhost/kasibite/admin.php
[Wed Jun 10 18:21:38.818367 2026] [php:warn] [pid 2660:tid 1908] [client ::1:58176] PHP Warning:  Undefined array key "status" in C:\\xampp\\htdocs\\Kasibite\\admin.php on line 191, referer: http://localhost/kasibite/admin.php
[Wed Jun 10 18:21:38.818367 2026] [php:warn] [pid 2660:tid 1908] [client ::1:58176] PHP Warning:  Undefined array key "full_name" in C:\\xampp\\htdocs\\Kasibite\\admin.php on line 186, referer: http://localhost/kasibite/admin.php
[Wed Jun 10 18:21:38.818367 2026] [php:warn] [pid 2660:tid 1908] [client ::1:58176] PHP Warning:  Undefined array key "status" in C:\\xampp\\htdocs\\Kasibite\\admin.php on line 191, referer: http://localhost/kasibite/admin.php
[Wed Jun 10 18:21:38.818367 2026] [php:warn] [pid 2660:tid 1908] [client ::1:58176] PHP Warning:  Undefined array key "full_name" in C:\\xampp\\htdocs\\Kasibite\\admin.php on line 186, referer: http://localhost/kasibite/admin.php
[Wed Jun 10 18:21:38.818367 2026] [php:warn] [pid 2660:tid 1908] [client ::1:58176] PHP Warning:  Undefined array key "status" in C:\\xampp\\htdocs\\Kasibite\\admin.php on line 191, referer: http://localhost/kasibite/admin.php
[Wed Jun 10 18:21:39.851828 2026] [php:warn] [pid 2660:tid 1908] [client ::1:58176] PHP Warning:  Undefined array key "status" in C:\\xampp\\htdocs\\Kasibite\\admin.php on line 42, referer: http://localhost/kasibite/admin.php
[Wed Jun 10 18:21:39.853844 2026] [php:warn] [pid 2660:tid 1908] [client ::1:58176] PHP Warning:  Undefined array key "status" in C:\\xampp\\htdocs\\Kasibite\\admin.php on line 42, referer: http://localhost/kasibite/admin.php
[Wed Jun 10 18:21:39.853844 2026] [php:warn] [pid 2660:tid 1908] [client ::1:58176] PHP Warning:  Undefined array key "status" in C:\\xampp\\htdocs\\Kasibite\\admin.php on line 42, referer: http://localhost/kasibite/admin.php
[Wed Jun 10 18:21:39.853844 2026] [php:warn] [pid 2660:tid 1908] [client ::1:58176] PHP Warning:  Undefined array key "status" in C:\\xampp\\htdocs\\Kasibite\\admin.php on line 42, referer: http://localhost/kasibite/admin.php
[Wed Jun 10 18:21:39.853844 2026] [php:warn] [pid 2660:tid 1908] [client ::1:58176] PHP Warning:  Undefined array key "status" in C:\\xampp\\htdocs\\Kasibite\\admin.php on line 42, referer: http://localhost/kasibite/admin.php
[Wed Jun 10 18:21:39.855855 2026] [php:warn] [pid 2660:tid 1908] [client ::1:58176] PHP Warning:  Undefined array key "full_name" in C:\\xampp\\htdocs\\Kasibite\\admin.php on line 186, referer: http://localhost/kasibite/admin.php
[Wed Jun 10 18:21:39.855855 2026] [php:warn] [pid 2660:tid 1908] [client ::1:58176] PHP Warning:  Undefined array key "status" in C:\\xampp\\htdocs\\Kasibite\\admin.php on line 191, referer: http://localhost/kasibite/admin.php
[Wed Jun 10 18:21:39.855855 2026] [php:warn] [pid 2660:tid 1908] [client ::1:58176] PHP Warning:  Undefined array key "full_name" in C:\\xampp\\htdocs\\Kasibite\\admin.php on line 186, referer: http://localhost/kasibite/admin.php
[Wed Jun 10 18:21:39.855855 2026] [php:warn] [pid 2660:tid 1908] [client ::1:58176] PHP Warning:  Undefined array key "status" in C:\\xampp\\htdocs\\Kasibite\\admin.php on line 191, referer: http://localhost/kasibite/admin.php
[Wed Jun 10 18:21:39.855855 2026] [php:warn] [pid 2660:tid 1908] [client ::1:58176] PHP Warning:  Undefined array key "full_name" in C:\\xampp\\htdocs\\Kasibite\\admin.php on line 186, referer: http://localhost/kasibite/admin.php
[Wed Jun 10 18:21:39.857864 2026] [php:warn] [pid 2660:tid 1908] [client ::1:58176] PHP Warning:  Undefined array key "status" in C:\\xampp\\htdocs\\Kasibite\\admin.php on line 191, referer: http://localhost/kasibite/admin.php
[Wed Jun 10 18:21:39.857864 2026] [php:warn] [pid 2660:tid 1908] [client ::1:58176] PHP Warning:  Undefined array key "full_name" in C:\\xampp\\htdocs\\Kasibite\\admin.php on line 186, referer: http://localhost/kasibite/admin.php
[Wed Jun 10 18:21:39.857864 2026] [php:warn] [pid 2660:tid 1908] [client ::1:58176] PHP Warning:  Undefined array key "status" in C:\\xampp\\htdocs\\Kasibite\\admin.php on line 191, referer: http://localhost/kasibite/admin.php
[Wed Jun 10 18:21:39.857864 2026] [php:warn] [pid 2660:tid 1908] [client ::1:58176] PHP Warning:  Undefined array key "full_name" in C:\\xampp\\htdocs\\Kasibite\\admin.php on line 186, referer: http://localhost/kasibite/admin.php
[Wed Jun 10 18:21:39.857864 2026] [php:warn] [pid 2660:tid 1908] [client ::1:58176] PHP Warning:  Undefined array key "status" in C:\\xampp\\htdocs\\Kasibite\\admin.php on line 191, referer: http://localhost/kasibite/admin.php
[Wed Jun 10 18:21:39.857864 2026] [php:warn] [pid 2660:tid 1908] [client ::1:58176] PHP Warning:  Undefined array key "full_name" in C:\\xampp\\htdocs\\Kasibite\\admin.php on line 186, referer: http://localhost/kasibite/admin.php
[Wed Jun 10 18:21:39.860568 2026] [php:warn] [pid 2660:tid 1908] [client ::1:58176] PHP Warning:  Undefined array key "status" in C:\\xampp\\htdocs\\Kasibite\\admin.php on line 191, referer: http://localhost/kasibite/admin.php
[Wed Jun 10 18:21:39.860568 2026] [php:warn] [pid 2660:tid 1908] [client ::1:58176] PHP Warning:  Undefined array key "full_name" in C:\\xampp\\htdocs\\Kasibite\\admin.php on line 186, referer: http://localhost/kasibite/admin.php
[Wed Jun 10 18:21:39.860568 2026] [php:warn] [pid 2660:tid 1908] [client ::1:58176] PHP Warning:  Undefined array key "status" in C:\\xampp\\htdocs\\Kasibite\\admin.php on line 191, referer: http://localhost/kasibite/admin.php
[Wed Jun 10 18:21:39.860568 2026] [php:warn] [pid 2660:tid 1908] [client ::1:58176] PHP Warning:  Undefined array key "full_name" in C:\\xampp\\htdocs\\Kasibite\\admin.php on line 186, referer: http://localhost/kasibite/admin.php
[Wed Jun 10 18:21:39.860568 2026] [php:warn] [pid 2660:tid 1908] [client ::1:58176] PHP Warning:  Undefined array key "status" in C:\\xampp\\htdocs\\Kasibite\\admin.php on line 191, referer: http://localhost/kasibite/admin.php
[Wed Jun 10 18:21:39.860568 2026] [php:warn] [pid 2660:tid 1908] [client ::1:58176] PHP Warning:  Undefined array key "full_name" in C:\\xampp\\htdocs\\Kasibite\\admin.php on line 186, referer: http://localhost/kasibite/admin.php
[Wed Jun 10 18:21:39.862592 2026] [php:warn] [pid 2660:tid 1908] [client ::1:58176] PHP Warning:  Undefined array key "status" in C:\\xampp\\htdocs\\Kasibite\\admin.php on line 191, referer: http://localhost/kasibite/admin.php
[Wed Jun 10 18:21:40.067631 2026] [php:warn] [pid 2660:tid 1908] [client ::1:58176] PHP Warning:  Undefined array key "status" in C:\\xampp\\htdocs\\Kasibite\\admin.php on line 42, referer: http://localhost/kasibite/admin.php
[Wed Jun 10 18:21:40.068166 2026] [php:warn] [pid 2660:tid 1908] [client ::1:58176] PHP Warning:  Undefined array key "status" in C:\\xampp\\htdocs\\Kasibite\\admin.php on line 42, referer: http://localhost/kasibite/admin.php
[Wed Jun 10 18:21:40.068166 2026] [php:warn] [pid 2660:tid 1908] [client ::1:58176] PHP Warning:  Undefined array key "status" in C:\\xampp\\htdocs\\Kasibite\\admin.php on line 42, referer: http://localhost/kasibite/admin.php
[Wed Jun 10 18:21:40.068166 2026] [php:warn] [pid 2660:tid 1908] [client ::1:58176] PHP Warning:  Undefined array key "status" in C:\\xampp\\htdocs\\Kasibite\\admin.php on line 42, referer: http://localhost/kasibite/admin.php
[Wed Jun 10 18:21:40.068166 2026] [php:warn] [pid 2660:tid 1908] [client ::1:58176] PHP Warning:  Undefined array key "status" in C:\\xampp\\htdocs\\Kasibite\\admin.php on line 42, referer: http://localhost/kasibite/admin.php
[Wed Jun 10 18:21:40.070273 2026] [php:warn] [pid 2660:tid 1908] [client ::1:58176] PHP Warning:  Undefined array key "full_name" in C:\\xampp\\htdocs\\Kasibite\\admin.php on line 186, referer: http://localhost/kasibite/admin.php
[Wed Jun 10 18:21:40.070273 2026] [php:warn] [pid 2660:tid 1908] [client ::1:58176] PHP Warning:  Undefined array key "status" in C:\\xampp\\htdocs\\Kasibite\\admin.php on line 191, referer: http://localhost/kasibite/admin.php
[Wed Jun 10 18:21:40.070273 2026] [php:warn] [pid 2660:tid 1908] [client ::1:58176] PHP Warning:  Undefined array key "full_name" in C:\\xampp\\htdocs\\Kasibite\\admin.php on line 186, referer: http://localhost/kasibite/admin.php
[Wed Jun 10 18:21:40.070273 2026] [php:warn] [pid 2660:tid 1908] [client ::1:58176] PHP Warning:  Undefined array key "status" in C:\\xampp\\htdocs\\Kasibite\\admin.php on line 191, referer: http://localhost/kasibite/admin.php
[Wed Jun 10 18:21:40.070273 2026] [php:warn] [pid 2660:tid 1908] [client ::1:58176] PHP Warning:  Undefined array key "full_name" in C:\\xampp\\htdocs\\Kasibite\\admin.php on line 186, referer: http://localhost/kasibite/admin.php
[Wed Jun 10 18:21:40.070273 2026] [php:warn] [pid 2660:tid 1908] [client ::1:58176] PHP Warning:  Undefined array key "status" in C:\\xampp\\htdocs\\Kasibite\\admin.php on line 191, referer: http://localhost/kasibite/admin.php
[Wed Jun 10 18:21:40.070273 2026] [php:warn] [pid 2660:tid 1908] [client ::1:58176] PHP Warning:  Undefined array key "full_name" in C:\\xampp\\htdocs\\Kasibite\\admin.php on line 186, referer: http://localhost/kasibite/admin.php
[Wed Jun 10 18:21:40.070273 2026] [php:warn] [pid 2660:tid 1908] [client ::1:58176] PHP Warning:  Undefined array key "status" in C:\\xampp\\htdocs\\Kasibite\\admin.php on line 191, referer: http://localhost/kasibite/admin.php
[Wed Jun 10 18:21:40.070273 2026] [php:warn] [pid 2660:tid 1908] [client ::1:58176] PHP Warning:  Undefined array key "full_name" in C:\\xampp\\htdocs\\Kasibite\\admin.php on line 186, referer: http://localhost/kasibite/admin.php
[Wed Jun 10 18:21:40.070273 2026] [php:warn] [pid 2660:tid 1908] [client ::1:58176] PHP Warning:  Undefined array key "status" in C:\\xampp\\htdocs\\Kasibite\\admin.php on line 191, referer: http://localhost/kasibite/admin.php
[Wed Jun 10 18:21:40.070273 2026] [php:warn] [pid 2660:tid 1908] [client ::1:58176] PHP Warning:  Undefined array key "full_name" in C:\\xampp\\htdocs\\Kasibite\\admin.php on line 186, referer: http://localhost/kasibite/admin.php
[Wed Jun 10 18:21:40.070273 2026] [php:warn] [pid 2660:tid 1908] [client ::1:58176] PHP Warning:  Undefined array key "status" in C:\\xampp\\htdocs\\Kasibite\\admin.php on line 191, referer: http://localhost/kasibite/admin.php
[Wed Jun 10 18:21:40.070273 2026] [php:warn] [pid 2660:tid 1908] [client ::1:58176] PHP Warning:  Undefined array key "full_name" in C:\\xampp\\htdocs\\Kasibite\\admin.php on line 186, referer: http://localhost/kasibite/admin.php
[Wed Jun 10 18:21:40.070273 2026] [php:warn] [pid 2660:tid 1908] [client ::1:58176] PHP Warning:  Undefined array key "status" in C:\\xampp\\htdocs\\Kasibite\\admin.php on line 191, referer: http://localhost/kasibite/admin.php
[Wed Jun 10 18:21:40.070273 2026] [php:warn] [pid 2660:tid 1908] [client ::1:58176] PHP Warning:  Undefined array key "full_name" in C:\\xampp\\htdocs\\Kasibite\\admin.php on line 186, referer: http://localhost/kasibite/admin.php
[Wed Jun 10 18:21:40.070273 2026] [php:warn] [pid 2660:tid 1908] [client ::1:58176] PHP Warning:  Undefined array key "status" in C:\\xampp\\htdocs\\Kasibite\\admin.php on line 191, referer: http://localhost/kasibite/admin.php
[Wed Jun 10 18:21:40.070273 2026] [php:warn] [pid 2660:tid 1908] [client ::1:58176] PHP Warning:  Undefined array key "full_name" in C:\\xampp\\htdocs\\Kasibite\\admin.php on line 186, referer: http://localhost/kasibite/admin.php
[Wed Jun 10 18:21:40.070273 2026] [php:warn] [pid 2660:tid 1908] [client ::1:58176] PHP Warning:  Undefined array key "status" in C:\\xampp\\htdocs\\Kasibite\\admin.php on line 191, referer: http://localhost/kasibite/admin.php
[Wed Jun 10 18:27:35.220191 2026] [php:warn] [pid 2660:tid 1884] [client ::1:60207] PHP Warning:  Undefined array key "status" in C:\\xampp\\htdocs\\Kasibite\\admin.php on line 45, referer: http://localhost/kasibite/admin.php
[Wed Jun 10 18:27:35.222210 2026] [php:warn] [pid 2660:tid 1884] [client ::1:60207] PHP Warning:  Undefined array key "status" in C:\\xampp\\htdocs\\Kasibite\\admin.php on line 45, referer: http://localhost/kasibite/admin.php
[Wed Jun 10 18:27:35.222210 2026] [php:warn] [pid 2660:tid 1884] [client ::1:60207] PHP Warning:  Undefined array key "status" in C:\\xampp\\htdocs\\Kasibite\\admin.php on line 45, referer: http://localhost/kasibite/admin.php
[Wed Jun 10 18:27:35.222210 2026] [php:warn] [pid 2660:tid 1884] [client ::1:60207] PHP Warning:  Undefined array key "status" in C:\\xampp\\htdocs\\Kasibite\\admin.php on line 45, referer: http://localhost/kasibite/admin.php
[Wed Jun 10 18:27:35.224231 2026] [php:warn] [pid 2660:tid 1884] [client ::1:60207] PHP Warning:  Undefined array key "status" in C:\\xampp\\htdocs\\Kasibite\\admin.php on line 45, referer: http://localhost/kasibite/admin.php
[Wed Jun 10 18:27:35.235492 2026] [php:warn] [pid 2660:tid 1884] [client ::1:60207] PHP Warning:  Undefined array key "full_name" in C:\\xampp\\htdocs\\Kasibite\\admin.php on line 301, referer: http://localhost/kasibite/admin.php
[Wed Jun 10 18:27:35.235492 2026] [php:warn] [pid 2660:tid 1884] [client ::1:60207] PHP Warning:  Undefined array key "status" in C:\\xampp\\htdocs\\Kasibite\\admin.php on line 306, referer: http://localhost/kasibite/admin.php
[Wed Jun 10 18:27:35.242547 2026] [php:warn] [pid 2660:tid 1884] [client ::1:60207] PHP Warning:  Undefined array key "full_name" in C:\\xampp\\htdocs\\Kasibite\\admin.php on line 301, referer: http://localhost/kasibite/admin.php
[Wed Jun 10 18:27:35.242547 2026] [php:warn] [pid 2660:tid 1884] [client ::1:60207] PHP Warning:  Undefined array key "status" in C:\\xampp\\htdocs\\Kasibite\\admin.php on line 306, referer: http://localhost/kasibite/admin.php
[Wed Jun 10 18:27:35.244563 2026] [php:warn] [pid 2660:tid 1884] [client ::1:60207] PHP Warning:  Undefined array key "full_name" in C:\\xampp\\htdocs\\Kasibite\\admin.php on line 301, referer: http://localhost/kasibite/admin.php
[Wed Jun 10 18:27:35.244563 2026] [php:warn] [pid 2660:tid 1884] [client ::1:60207] PHP Warning:  Undefined array key "status" in C:\\xampp\\htdocs\\Kasibite\\admin.php on line 306, referer: http://localhost/kasibite/admin.php
[Wed Jun 10 18:27:35.245216 2026] [php:warn] [pid 2660:tid 1884] [client ::1:60207] PHP Warning:  Undefined array key "full_name" in C:\\xampp\\htdocs\\Kasibite\\admin.php on line 301, referer: http://localhost/kasibite/admin.php
[Wed Jun 10 18:27:35.245216 2026] [php:warn] [pid 2660:tid 1884] [client ::1:60207] PHP Warning:  Undefined array key "status" in C:\\xampp\\htdocs\\Kasibite\\admin.php on line 306, referer: http://localhost/kasibite/admin.php
[Wed Jun 10 18:27:35.246965 2026] [php:warn] [pid 2660:tid 1884] [client ::1:60207] PHP Warning:  Undefined array key "full_name" in C:\\xampp\\htdocs\\Kasibite\\admin.php on line 301, referer: http://localhost/kasibite/admin.php
[Wed Jun 10 18:27:35.246965 2026] [php:warn] [pid 2660:tid 1884] [client ::1:60207] PHP Warning:  Undefined array key "status" in C:\\xampp\\htdocs\\Kasibite\\admin.php on line 306, referer: http://localhost/kasibite/admin.php
[Wed Jun 10 18:27:35.246965 2026] [php:warn] [pid 2660:tid 1884] [client ::1:60207] PHP Warning:  Undefined array key "full_name" in C:\\xampp\\htdocs\\Kasibite\\admin.php on line 301, referer: http://localhost/kasibite/admin.php
[Wed Jun 10 18:27:35.246965 2026] [php:warn] [pid 2660:tid 1884] [client ::1:60207] PHP Warning:  Undefined array key "status" in C:\\xampp\\htdocs\\Kasibite\\admin.php on line 306, referer: http://localhost/kasibite/admin.php
[Wed Jun 10 18:27:35.246965 2026] [php:warn] [pid 2660:tid 1884] [client ::1:60207] PHP Warning:  Undefined array key "full_name" in C:\\xampp\\htdocs\\Kasibite\\admin.php on line 301, referer: http://localhost/kasibite/admin.php
[Wed Jun 10 18:27:35.246965 2026] [php:warn] [pid 2660:tid 1884] [client ::1:60207] PHP Warning:  Undefined array key "status" in C:\\xampp\\htdocs\\Kasibite\\admin.php on line 306, referer: http://localhost/kasibite/admin.php
[Wed Jun 10 18:27:35.246965 2026] [php:warn] [pid 2660:tid 1884] [client ::1:60207] PHP Warning:  Undefined array key "full_name" in C:\\xampp\\htdocs\\Kasibite\\admin.php on line 301, referer: http://localhost/kasibite/admin.php
[Wed Jun 10 18:27:35.250054 2026] [php:warn] [pid 2660:tid 1884] [client ::1:60207] PHP Warning:  Undefined array key "status" in C:\\xampp\\htdocs\\Kasibite\\admin.php on line 306, referer: http://localhost/kasibite/admin.php
[Wed Jun 10 18:27:35.250054 2026] [php:warn] [pid 2660:tid 1884] [client ::1:60207] PHP Warning:  Undefined array key "full_name" in C:\\xampp\\htdocs\\Kasibite\\admin.php on line 301, referer: http://localhost/kasibite/admin.php
[Wed Jun 10 18:27:35.250054 2026] [php:warn] [pid 2660:tid 1884] [client ::1:60207] PHP Warning:  Undefined array key "status" in C:\\xampp\\htdocs\\Kasibite\\admin.php on line 306, referer: http://localhost/kasibite/admin.php
[Wed Jun 10 18:52:49.201003 2026] [php:warn] [pid 2660:tid 1912] [client ::1:49397] PHP Warning:  Undefined array key "status" in C:\\xampp\\htdocs\\Kasibite\\admin.php on line 45, referer: http://localhost/kasibite/admin.php
[Wed Jun 10 18:52:49.203671 2026] [php:warn] [pid 2660:tid 1912] [client ::1:49397] PHP Warning:  Undefined array key "status" in C:\\xampp\\htdocs\\Kasibite\\admin.php on line 45, referer: http://localhost/kasibite/admin.php
[Wed Jun 10 18:52:49.203671 2026] [php:warn] [pid 2660:tid 1912] [client ::1:49397] PHP Warning:  Undefined array key "status" in C:\\xampp\\htdocs\\Kasibite\\admin.php on line 45, referer: http://localhost/kasibite/admin.php
[Wed Jun 10 18:52:49.203671 2026] [php:warn] [pid 2660:tid 1912] [client ::1:49397] PHP Warning:  Undefined array key "status" in C:\\xampp\\htdocs\\Kasibite\\admin.php on line 45, referer: http://localhost/kasibite/admin.php
[Wed Jun 10 18:52:49.203671 2026] [php:warn] [pid 2660:tid 1912] [client ::1:49397] PHP Warning:  Undefined array key "status" in C:\\xampp\\htdocs\\Kasibite\\admin.php on line 45, referer: http://localhost/kasibite/admin.php
[Wed Jun 10 18:53:12.265650 2026] [php:warn] [pid 2660:tid 1884] [client ::1:65142] PHP Warning:  Undefined array key "status" in C:\\xampp\\htdocs\\Kasibite\\admin.php on line 45, referer: http://localhost/kasibite/admin.php
[Wed Jun 10 18:53:12.265650 2026] [php:warn] [pid 2660:tid 1884] [client ::1:65142] PHP Warning:  Undefined array key "status" in C:\\xampp\\htdocs\\Kasibite\\admin.php on line 45, referer: http://localhost/kasibite/admin.php
[Wed Jun 10 18:53:12.265650 2026] [php:warn] [pid 2660:tid 1884] [client ::1:65142] PHP Warning:  Undefined array key "status" in C:\\xampp\\htdocs\\Kasibite\\admin.php on line 45, referer: http://localhost/kasibite/admin.php
[Wed Jun 10 18:53:12.265650 2026] [php:warn] [pid 2660:tid 1884] [client ::1:65142] PHP Warning:  Undefined array key "status" in C:\\xampp\\htdocs\\Kasibite\\admin.php on line 45, referer: http://localhost/kasibite/admin.php
[Wed Jun 10 18:53:12.265650 2026] [php:warn] [pid 2660:tid 1884] [client ::1:65142] PHP Warning:  Undefined array key "status" in C:\\xampp\\htdocs\\Kasibite\\admin.php on line 45, referer: http://localhost/kasibite/admin.php
[Wed Jun 10 18:57:19.878638 2026] [php:warn] [pid 2660:tid 1912] [client ::1:59919] PHP Warning:  Undefined array key "status" in C:\\xampp\\htdocs\\Kasibite\\admin.php on line 45, referer: http://localhost/kasibite/admin.php
[Wed Jun 10 18:57:19.878638 2026] [php:warn] [pid 2660:tid 1912] [client ::1:59919] PHP Warning:  Undefined array key "status" in C:\\xampp\\htdocs\\Kasibite\\admin.php on line 45, referer: http://localhost/kasibite/admin.php
[Wed Jun 10 18:57:19.878638 2026] [php:warn] [pid 2660:tid 1912] [client ::1:59919] PHP Warning:  Undefined array key "status" in C:\\xampp\\htdocs\\Kasibite\\admin.php on line 45, referer: http://localhost/kasibite/admin.php
[Wed Jun 10 18:57:19.878638 2026] [php:warn] [pid 2660:tid 1912] [client ::1:59919] PHP Warning:  Undefined array key "status" in C:\\xampp\\htdocs\\Kasibite\\admin.php on line 45, referer: http://localhost/kasibite/admin.php
[Wed Jun 10 18:57:19.878638 2026] [php:warn] [pid 2660:tid 1912] [client ::1:59919] PHP Warning:  Undefined array key "status" in C:\\xampp\\htdocs\\Kasibite\\admin.php on line 45, referer: http://localhost/kasibite/admin.php
[Wed Jun 10 18:57:19.878638 2026] [php:warn] [pid 2660:tid 1912] [client ::1:59919] PHP Warning:  Undefined array key "status" in C:\\xampp\\htdocs\\Kasibite\\admin.php on line 306, referer: http://localhost/kasibite/admin.php
[Wed Jun 10 18:57:19.885859 2026] [php:warn] [pid 2660:tid 1912] [client ::1:59919] PHP Warning:  Undefined array key "status" in C:\\xampp\\htdocs\\Kasibite\\admin.php on line 306, referer: http://localhost/kasibite/admin.php
[Wed Jun 10 18:57:19.885859 2026] [php:warn] [pid 2660:tid 1912] [client ::1:59919] PHP Warning:  Undefined array key "status" in C:\\xampp\\htdocs\\Kasibite\\admin.php on line 306, referer: http://localhost/kasibite/admin.php
[Wed Jun 10 18:57:19.885859 2026] [php:warn] [pid 2660:tid 1912] [client ::1:59919] PHP Warning:  Undefined array key "status" in C:\\xampp\\htdocs\\Kasibite\\admin.php on line 306, referer: http://localhost/kasibite/admin.php
[Wed Jun 10 18:57:19.885859 2026] [php:warn] [pid 2660:tid 1912] [client ::1:59919] PHP Warning:  Undefined array key "status" in C:\\xampp\\htdocs\\Kasibite\\admin.php on line 306, referer: http://localhost/kasibite/admin.php
[Wed Jun 10 18:57:19.885859 2026] [php:warn] [pid 2660:tid 1912] [client ::1:59919] PHP Warning:  Undefined array key "status" in C:\\xampp\\htdocs\\Kasibite\\admin.php on line 306, referer: http://localhost/kasibite/admin.php
[Wed Jun 10 18:57:19.885859 2026] [php:warn] [pid 2660:tid 1912] [client ::1:59919] PHP Warning:  Undefined array key "status" in C:\\xampp\\htdocs\\Kasibite\\admin.php on line 306, referer: http://localhost/kasibite/admin.php
[Wed Jun 10 18:57:19.885859 2026] [php:warn] [pid 2660:tid 1912] [client ::1:59919] PHP Warning:  Undefined array key "status" in C:\\xampp\\htdocs\\Kasibite\\admin.php on line 306, referer: http://localhost/kasibite/admin.php
[Wed Jun 10 18:57:19.887871 2026] [php:warn] [pid 2660:tid 1912] [client ::1:59919] PHP Warning:  Undefined array key "status" in C:\\xampp\\htdocs\\Kasibite\\admin.php on line 306, referer: http://localhost/kasibite/admin.php
[Wed Jun 10 19:03:34.703036 2026] [php:error] [pid 2660:tid 1884] [client ::1:63142] script 'C:/xampp/htdocs/Kasibite/logout.php' not found or unable to stat, referer: http://localhost/kasibite/admin.php
[Wed Jun 10 19:04:32.564562 2026] [php:error] [pid 2660:tid 1884] [client ::1:57975] script 'C:/xampp/htdocs/Kasibite/logout.php' not found or unable to stat, referer: http://localhost/kasibite/browse.php
[Wed Jun 10 19:33:39.184754 2026] [php:error] [pid 2660:tid 1912] [client ::1:60591] script 'C:/xampp/htdocs/Kasibite/logout.php' not found or unable to stat, referer: http://localhost/kasibite/seller.php
[Wed Jun 10 21:15:34.043174 2026] [php:warn] [pid 2660:tid 1912] [client ::1:62855] PHP Warning:  Undefined array key "available" in C:\\xampp\\htdocs\\Kasibite\\seller.php on line 277, referer: http://localhost/kasibite/edit_product.php?id=7
[Wed Jun 10 21:15:34.043174 2026] [php:warn] [pid 2660:tid 1912] [client ::1:62855] PHP Warning:  Undefined array key "available" in C:\\xampp\\htdocs\\Kasibite\\seller.php on line 282, referer: http://localhost/kasibite/edit_product.php?id=7
[Wed Jun 10 21:15:34.043174 2026] [php:warn] [pid 2660:tid 1912] [client ::1:62855] PHP Warning:  Undefined array key "available" in C:\\xampp\\htdocs\\Kasibite\\seller.php on line 277, referer: http://localhost/kasibite/edit_product.php?id=7
[Wed Jun 10 21:15:34.046682 2026] [php:warn] [pid 2660:tid 1912] [client ::1:62855] PHP Warning:  Undefined array key "available" in C:\\xampp\\htdocs\\Kasibite\\seller.php on line 282, referer: http://localhost/kasibite/edit_product.php?id=7
[Wed Jun 10 21:30:40.813738 2026] [php:error] [pid 2660:tid 1912] [client ::1:56727] script 'C:/xampp/htdocs/Kasibite/logout.php' not found or unable to stat, referer: http://localhost/kasibite/seller.php
[Wed Jun 10 21:41:01.451692 2026] [php:error] [pid 2660:tid 1912] [client ::1:62984] script 'C:/xampp/htdocs/Kasibite/cart.php' not found or unable to stat, referer: http://localhost/kasibite/browse.php
[Wed Jun 10 21:42:59.034368 2026] [php:error] [pid 2660:tid 1884] [client ::1:51138] PHP Fatal error:  Uncaught PDOException: SQLSTATE[42S22]: Column not found: 1054 Unknown column 'full_name' in 'field list' in C:\\xampp\\htdocs\\Kasibite\\register_user.php:19\nStack trace:\n#0 C:\\xampp\\htdocs\\Kasibite\\register_user.php(19): PDOStatement->execute(Array)\n#1 {main}\n  thrown in C:\\xampp\\htdocs\\Kasibite\\register_user.php on line 19, referer: http://localhost/kasibite/register_form.php?role=seller
[Wed Jun 10 23:28:57.165015 2026] [php:error] [pid 2660:tid 1820] [client ::1:50568] script 'C:/xampp/htdocs/kasi_bite/index.php' not found or unable to stat
[Wed Jun 10 23:30:18.737693 2026] [php:warn] [pid 2660:tid 1876] [client ::1:63368] PHP Warning:  require(config.php): Failed to open stream: No such file or directory in C:\\xampp\\htdocs\\kasi_bite\\kasi_bite\\index.php on line 151
[Wed Jun 10 23:30:18.739702 2026] [php:error] [pid 2660:tid 1876] [client ::1:63368] PHP Fatal error:  Uncaught Error: Failed opening required 'config.php' (include_path='C:\\xampp\\htdocs\\Kasibite\\php\\PEAR') in C:\\xampp\\htdocs\\kasi_bite\\kasi_bite\\index.php:151\nStack trace:\n#0 {main}\n  thrown in C:\\xampp\\htdocs\\kasi_bite\\kasi_bite\\index.php on line 151
[Wed Jun 10 23:30:31.966178 2026] [php:warn] [pid 2660:tid 1840] [client ::1:51724] PHP Warning:  require(config.php): Failed to open stream: No such file or directory in C:\\xampp\\htdocs\\kasi_bite\\kasi_bite\\browse.php on line 3, referer: http://localhost/kasi_bite/kasi_bite/
[Wed Jun 10 23:30:31.967178 2026] [php:error] [pid 2660:tid 1840] [client ::1:51724] PHP Fatal error:  Uncaught Error: Failed opening required 'config.php' (include_path='C:\\xampp\\htdocs\\Kasibite\\php\\PEAR') in C:\\xampp\\htdocs\\kasi_bite\\kasi_bite\\browse.php:3\nStack trace:\n#0 {main}\n  thrown in C:\\xampp\\htdocs\\kasi_bite\\kasi_bite\\browse.php on line 3, referer: http://localhost/kasi_bite/kasi_bite/
[Wed Jun 10 23:31:13.768250 2026] [php:warn] [pid 2660:tid 1876] [client ::1:63182] PHP Warning:  require(config.php): Failed to open stream: No such file or directory in C:\\xampp\\htdocs\\kasi_bite\\kasi_bite\\browse.php on line 3, referer: http://localhost/kasi_bite/kasi_bite/
[Wed Jun 10 23:31:13.768250 2026] [php:error] [pid 2660:tid 1876] [client ::1:63182] PHP Fatal error:  Uncaught Error: Failed opening required 'config.php' (include_path='C:\\xampp\\htdocs\\Kasibite\\php\\PEAR') in C:\\xampp\\htdocs\\kasi_bite\\kasi_bite\\browse.php:3\nStack trace:\n#0 {main}\n  thrown in C:\\xampp\\htdocs\\kasi_bite\\kasi_bite\\browse.php on line 3, referer: http://localhost/kasi_bite/kasi_bite/
[Wed Jun 10 23:31:14.816448 2026] [php:warn] [pid 2660:tid 1876] [client ::1:63182] PHP Warning:  require(config.php): Failed to open stream: No such file or directory in C:\\xampp\\htdocs\\kasi_bite\\kasi_bite\\browse.php on line 3, referer: http://localhost/kasi_bite/kasi_bite/
[Wed Jun 10 23:31:14.816448 2026] [php:error] [pid 2660:tid 1876] [client ::1:63182] PHP Fatal error:  Uncaught Error: Failed opening required 'config.php' (include_path='C:\\xampp\\htdocs\\Kasibite\\php\\PEAR') in C:\\xampp\\htdocs\\kasi_bite\\kasi_bite\\browse.php:3\nStack trace:\n#0 {main}\n  thrown in C:\\xampp\\htdocs\\kasi_bite\\kasi_bite\\browse.php on line 3, referer: http://localhost/kasi_bite/kasi_bite/
[Wed Jun 10 23:32:19.837602 2026] [php:error] [pid 2660:tid 1840] [client ::1:55760] script 'C:/xampp/htdocs/kasi_bite/kasi_bite/register.php' not found or unable to stat, referer: http://localhost/kasi_bite/kasi_bite/
[Wed Jun 10 23:32:23.549759 2026] [php:warn] [pid 2660:tid 1840] [client ::1:55760] PHP Warning:  require(config.php): Failed to open stream: No such file or directory in C:\\xampp\\htdocs\\kasi_bite\\kasi_bite\\browse.php on line 3, referer: http://localhost/kasi_bite/kasi_bite/
[Wed Jun 10 23:32:23.549759 2026] [php:error] [pid 2660:tid 1840] [client ::1:55760] PHP Fatal error:  Uncaught Error: Failed opening required 'config.php' (include_path='C:\\xampp\\htdocs\\Kasibite\\php\\PEAR') in C:\\xampp\\htdocs\\kasi_bite\\kasi_bite\\browse.php:3\nStack trace:\n#0 {main}\n  thrown in C:\\xampp\\htdocs\\kasi_bite\\kasi_bite\\browse.php on line 3, referer: http://localhost/kasi_bite/kasi_bite/
[Wed Jun 10 23:32:28.284596 2026] [php:error] [pid 2660:tid 1840] [client ::1:55760] script 'C:/xampp/htdocs/kasi_bite/kasi_bite/register.php' not found or unable to stat, referer: http://localhost/kasi_bite/kasi_bite/
[Thu Jun 11 09:19:21.396173 2026] [php:error] [pid 2660:tid 1924] [client ::1:62824] script 'C:/xampp/htdocs/kasi_bite/kasi_bite/register.php' not found or unable to stat, referer: http://localhost/kasi_bite/kasi_bite/index.php
[Thu Jun 11 09:19:25.215213 2026] [php:error] [pid 2660:tid 1924] [client ::1:62824] script 'C:/xampp/htdocs/kasi_bite/kasi_bite/register.php' not found or unable to stat, referer: http://localhost/kasi_bite/kasi_bite/index.php
[Thu Jun 11 09:19:26.575619 2026] [php:error] [pid 2660:tid 1924] [client ::1:62824] script 'C:/xampp/htdocs/kasi_bite/kasi_bite/register.php' not found or unable to stat, referer: http://localhost/kasi_bite/kasi_bite/index.php
[Thu Jun 11 09:19:27.550006 2026] [php:error] [pid 2660:tid 1924] [client ::1:62824] script 'C:/xampp/htdocs/kasi_bite/kasi_bite/register.php' not found or unable to stat, referer: http://localhost/kasi_bite/kasi_bite/index.php
[Thu Jun 11 09:19:37.846994 2026] [php:error] [pid 2660:tid 1912] [client ::1:56694] script 'C:/xampp/htdocs/kasi_bite/kasi_bite/register.php' not found or unable to stat, referer: http://localhost/kasi_bite/kasi_bite/index.php
[Thu Jun 11 09:20:52.034357 2026] [php:error] [pid 2660:tid 1924] [client ::1:54500] script 'C:/xampp/htdocs/kasi_bite/kasi_bite/register.php' not found or unable to stat, referer: http://localhost/kasi_bite/kasi_bite/login.php
[Thu Jun 11 09:21:40.523146 2026] [php:error] [pid 2660:tid 1912] [client ::1:54406] script 'C:/xampp/htdocs/kasi_bite/kasi_bite/register.php' not found or unable to stat
[Thu Jun 11 09:21:42.897214 2026] [php:error] [pid 2660:tid 1912] [client ::1:54406] script 'C:/xampp/htdocs/kasi_bite/kasi_bite/register.php' not found or unable to stat
[Thu Jun 11 09:21:58.203874 2026] [php:error] [pid 2660:tid 1924] [client ::1:52720] script 'C:/xampp/htdocs/kasi_bite/kasi_bite/register.php' not found or unable to stat
[Fri Jun 12 00:20:12.697726 2026] [ssl:warn] [pid 9848:tid 348] AH01909: www.example.com:443:0 server certificate does NOT include an ID which matches the server name
[Fri Jun 12 00:20:12.728790 2026] [core:warn] [pid 9848:tid 348] AH00098: pid file C:/xampp/htdocs/Kasibite/apache/logs/httpd.pid overwritten -- Unclean shutdown of previous Apache run?
[Fri Jun 12 00:20:12.728790 2026] [ssl:warn] [pid 9848:tid 348] AH01909: www.example.com:443:0 server certificate does NOT include an ID which matches the server name
[Fri Jun 12 00:20:13.062780 2026] [mpm_winnt:notice] [pid 9848:tid 348] AH00455: Apache/2.4.58 (Win64) OpenSSL/3.1.3 PHP/8.2.12 configured -- resuming normal operations
[Fri Jun 12 00:20:13.062780 2026] [mpm_winnt:notice] [pid 9848:tid 348] AH00456: Apache Lounge VS17 Server built: Oct 18 2023 13:03:18
[Fri Jun 12 00:20:13.062780 2026] [core:notice] [pid 9848:tid 348] AH00094: Command line: 'c:\\xampp\\htdocs\\kasibite\\apache\\bin\\httpd.exe -d C:/xampp/htdocs/Kasibite/apache'
[Fri Jun 12 00:20:13.062780 2026] [mpm_winnt:notice] [pid 9848:tid 348] AH00418: Parent: Created child process 20736
[Fri Jun 12 00:20:13.293336 2026] [ssl:warn] [pid 20736:tid 376] AH01909: www.example.com:443:0 server certificate does NOT include an ID which matches the server name
[Fri Jun 12 00:20:13.324938 2026] [ssl:warn] [pid 20736:tid 376] AH01909: www.example.com:443:0 server certificate does NOT include an ID which matches the server name
[Fri Jun 12 00:20:13.348949 2026] [mpm_winnt:notice] [pid 20736:tid 376] AH00354: Child: Starting 150 worker threads.
[Fri Jun 12 12:35:15.574328 2026] [php:error] [pid 20736:tid 1900] [client ::1:61965] PHP Fatal error:  Uncaught PDOException: SQLSTATE[42S22]: Column not found: 1054 Unknown column 'p.status' in 'where clause' in C:\\xampp\\htdocs\\Kasibite\\index.php:152\nStack trace:\n#0 C:\\xampp\\htdocs\\Kasibite\\index.php(152): PDO->query('SELECT p.*, c.c...')\n#1 {main}\n  thrown in C:\\xampp\\htdocs\\Kasibite\\index.php on line 152
[Fri Jun 12 12:35:16.640815 2026] [php:error] [pid 20736:tid 1900] [client ::1:61965] PHP Fatal error:  Uncaught PDOException: SQLSTATE[42S22]: Column not found: 1054 Unknown column 'p.status' in 'where clause' in C:\\xampp\\htdocs\\Kasibite\\index.php:152\nStack trace:\n#0 C:\\xampp\\htdocs\\Kasibite\\index.php(152): PDO->query('SELECT p.*, c.c...')\n#1 {main}\n  thrown in C:\\xampp\\htdocs\\Kasibite\\index.php on line 152
[Mon Jun 22 08:54:37.937244 2026] [ssl:warn] [pid 12520:tid 372] AH01909: www.example.com:443:0 server certificate does NOT include an ID which matches the server name
[Mon Jun 22 08:54:37.983730 2026] [core:warn] [pid 12520:tid 372] AH00098: pid file C:/xampp/htdocs/Kasibite/apache/logs/httpd.pid overwritten -- Unclean shutdown of previous Apache run?
[Mon Jun 22 08:54:37.987776 2026] [ssl:warn] [pid 12520:tid 372] AH01909: www.example.com:443:0 server certificate does NOT include an ID which matches the server name
[Mon Jun 22 08:54:38.501975 2026] [mpm_winnt:notice] [pid 12520:tid 372] AH00455: Apache/2.4.58 (Win64) OpenSSL/3.1.3 PHP/8.2.12 configured -- resuming normal operations
[Mon Jun 22 08:54:38.501975 2026] [mpm_winnt:notice] [pid 12520:tid 372] AH00456: Apache Lounge VS17 Server built: Oct 18 2023 13:03:18
[Mon Jun 22 08:54:38.501975 2026] [core:notice] [pid 12520:tid 372] AH00094: Command line: 'c:\\xampp\\htdocs\\kasibite\\apache\\bin\\httpd.exe -d C:/xampp/htdocs/Kasibite/apache'
[Mon Jun 22 08:54:38.506969 2026] [mpm_winnt:notice] [pid 12520:tid 372] AH00418: Parent: Created child process 10696
[Mon Jun 22 08:54:38.902669 2026] [ssl:warn] [pid 10696:tid 348] AH01909: www.example.com:443:0 server certificate does NOT include an ID which matches the server name
[Mon Jun 22 08:54:38.949996 2026] [ssl:warn] [pid 10696:tid 348] AH01909: www.example.com:443:0 server certificate does NOT include an ID which matches the server name
[Mon Jun 22 08:54:38.994976 2026] [mpm_winnt:notice] [pid 10696:tid 348] AH00354: Child: Starting 150 worker threads.
[Mon Jun 22 22:02:31.420745 2026] [php:error] [pid 10696:tid 812] [client ::1:50507] PHP Fatal error:  Uncaught PDOException: SQLSTATE[42S22]: Column not found: 1054 Unknown column 'c.default_image' in 'field list' in C:\\xampp\\htdocs\\kasi\\kasibite\\index.php:152\nStack trace:\n#0 C:\\xampp\\htdocs\\kasi\\kasibite\\index.php(152): PDO->query('\\n    SELECT p.*...')\n#1 {main}\n  thrown in C:\\xampp\\htdocs\\kasi\\kasibite\\index.php on line 152, referer: http://localhost/kasi/kasibite/browse.php
[Mon Jun 22 22:54:09.956767 2026] [php:error] [pid 10696:tid 1932] [client ::1:63458] PHP Fatal error:  Uncaught PDOException: SQLSTATE[42S22]: Column not found: 1054 Unknown column 'c.default_image' in 'field list' in C:\\xampp\\htdocs\\kasi\\kasibite\\index.php:152\nStack trace:\n#0 C:\\xampp\\htdocs\\kasi\\kasibite\\index.php(152): PDO->query('\\n    SELECT p.*...')\n#1 {main}\n  thrown in C:\\xampp\\htdocs\\kasi\\kasibite\\index.php on line 152, referer: http://localhost/kasi/kasibite/browse.php
[Mon Jun 22 22:58:10.833631 2026] [php:error] [pid 10696:tid 1972] [client ::1:64927] script 'C:/xampp/htdocs/kasi/kasibite/register.php' not found or unable to stat, referer: http://localhost/kasi/kasibite/index.php
[Mon Jun 22 22:58:21.424952 2026] [php:error] [pid 10696:tid 1972] [client ::1:64927] PHP Fatal error:  Uncaught PDOException: SQLSTATE[42S22]: Column not found: 1054 Unknown column 'c.default_image' in 'field list' in C:\\xampp\\htdocs\\kasi\\kasibite\\index.php:152\nStack trace:\n#0 C:\\xampp\\htdocs\\kasi\\kasibite\\index.php(152): PDO->query('\\n    SELECT p.*...')\n#1 {main}\n  thrown in C:\\xampp\\htdocs\\kasi\\kasibite\\index.php on line 152, referer: http://localhost/kasi/kasibite/login.php
[Tue Jun 23 08:18:13.936911 2026] [ssl:warn] [pid 12880:tid 368] AH01909: www.example.com:443:0 server certificate does NOT include an ID which matches the server name
[Tue Jun 23 08:18:13.986246 2026] [core:warn] [pid 12880:tid 368] AH00098: pid file C:/xampp/htdocs/Kasibite/apache/logs/httpd.pid overwritten -- Unclean shutdown of previous Apache run?
[Tue Jun 23 08:18:13.990226 2026] [ssl:warn] [pid 12880:tid 368] AH01909: www.example.com:443:0 server certificate does NOT include an ID which matches the server name
[Tue Jun 23 08:18:14.440195 2026] [mpm_winnt:notice] [pid 12880:tid 368] AH00455: Apache/2.4.58 (Win64) OpenSSL/3.1.3 PHP/8.2.12 configured -- resuming normal operations
[Tue Jun 23 08:18:14.440195 2026] [mpm_winnt:notice] [pid 12880:tid 368] AH00456: Apache Lounge VS17 Server built: Oct 18 2023 13:03:18
[Tue Jun 23 08:18:14.440195 2026] [core:notice] [pid 12880:tid 368] AH00094: Command line: 'c:\\xampp\\htdocs\\kasibite\\apache\\bin\\httpd.exe -d C:/xampp/htdocs/Kasibite/apache'
[Tue Jun 23 08:18:14.446192 2026] [mpm_winnt:notice] [pid 12880:tid 368] AH00418: Parent: Created child process 23112
[Tue Jun 23 08:18:14.878863 2026] [ssl:warn] [pid 23112:tid 376] AH01909: www.example.com:443:0 server certificate does NOT include an ID which matches the server name
[Tue Jun 23 08:18:14.929700 2026] [ssl:warn] [pid 23112:tid 376] AH01909: www.example.com:443:0 server certificate does NOT include an ID which matches the server name
[Tue Jun 23 08:18:14.977051 2026] [mpm_winnt:notice] [pid 23112:tid 376] AH00354: Child: Starting 150 worker threads.
[Tue Jun 23 09:52:10.522554 2026] [php:error] [pid 23112:tid 1924] [client ::1:49405] PHP Fatal error:  Uncaught PDOException: SQLSTATE[42S22]: Column not found: 1054 Unknown column 'c.image_url' in 'field list' in C:\\xampp\\htdocs\\Kasibite\\browse.php:23\nStack trace:\n#0 C:\\xampp\\htdocs\\Kasibite\\browse.php(23): PDOStatement->execute(Array)\n#1 {main}\n  thrown in C:\\xampp\\htdocs\\Kasibite\\browse.php on line 23, referer: http://localhost/kasibite/index.php
[Tue Jun 23 09:52:13.146815 2026] [php:error] [pid 23112:tid 1924] [client ::1:49405] PHP Fatal error:  Uncaught PDOException: SQLSTATE[42S22]: Column not found: 1054 Unknown column 'c.image_url' in 'field list' in C:\\xampp\\htdocs\\Kasibite\\browse.php:23\nStack trace:\n#0 C:\\xampp\\htdocs\\Kasibite\\browse.php(23): PDOStatement->execute(Array)\n#1 {main}\n  thrown in C:\\xampp\\htdocs\\Kasibite\\browse.php on line 23, referer: http://localhost/kasibite/index.php
[Tue Jun 23 09:52:18.688461 2026] [php:error] [pid 23112:tid 1916] [client ::1:58402] PHP Fatal error:  Uncaught PDOException: SQLSTATE[42S22]: Column not found: 1054 Unknown column 'p.image_url' in 'field list' in C:\\xampp\\htdocs\\Kasibite\\cart.php:38\nStack trace:\n#0 C:\\xampp\\htdocs\\Kasibite\\cart.php(38): PDOStatement->execute(Array)\n#1 {main}\n  thrown in C:\\xampp\\htdocs\\Kasibite\\cart.php on line 38, referer: http://localhost/kasibite/index.php
